Entity,Code,Year,Share of annual CO2 emissions embedded in trade
Africa,,1990,-30.82
Africa,,1991,-30.92
Africa,,1992,-27.44
Africa,,1993,-29.37
Africa,,1994,-29.89
Africa,,1995,-31.56
Africa,,1996,-33.27
Africa,,1997,-31.44
Africa,,1998,-31.58
Africa,,1999,-28.08
Africa,,2000,-30.06
Africa,,2001,-31.18
Africa,,2002,-32.76
Africa,,2003,-30.9
Africa,,2004,-30.91
Africa,,2005,-30.35
Africa,,2006,-30.23
Africa,,2007,-29.34
Africa,,2008,-29.38
Africa,,2009,-28.43
Africa,,2010,-29.3
Africa,,2011,-28.93
Africa,,2012,-27.68
Africa,,2013,-23.58
Africa,,2014,-26.26
Africa,,2015,-25.2
Africa,,2016,-24.94
Africa,,2017,-25.89
Africa,,2018,-26.17
Africa,,2019,-26.53
Albania,ALB,1990,-0.16
Albania,ALB,1991,6.59
Albania,ALB,1992,13.93
Albania,ALB,1993,12.44
Albania,ALB,1994,20.88
Albania,ALB,1995,19.71
Albania,ALB,1996,43.85
Albania,ALB,1997,40.27
Albania,ALB,1998,41.39
Albania,ALB,1999,23.29
Albania,ALB,2000,26.66
Albania,ALB,2001,26.77
Albania,ALB,2002,34.9
Albania,ALB,2003,28.01
Albania,ALB,2004,27.45
Albania,ALB,2005,36.28
Albania,ALB,2006,40.96
Albania,ALB,2007,41.2
Albania,ALB,2008,42.15
Albania,ALB,2009,45.67
Albania,ALB,2010,36.74
Albania,ALB,2011,25.48
Albania,ALB,2012,28.35
Albania,ALB,2013,21.62
Albania,ALB,2014,15.67
Albania,ALB,2015,25.49
Albania,ALB,2016,22.48
Albania,ALB,2017,16.16
Albania,ALB,2018,22.65
Albania,ALB,2019,20.31
Argentina,ARG,1990,-0.08
Argentina,ARG,1991,2.52
Argentina,ARG,1992,5.35
Argentina,ARG,1993,4.55
Argentina,ARG,1994,3.86
Argentina,ARG,1995,1.53
Argentina,ARG,1996,1.44
Argentina,ARG,1997,4.4
Argentina,ARG,1998,5.34
Argentina,ARG,1999,1.23
Argentina,ARG,2000,-1.59
Argentina,ARG,2001,-3.64
Argentina,ARG,2002,-33.8
Argentina,ARG,2003,-19.76
Argentina,ARG,2004,-19.36
Argentina,ARG,2005,-16.65
Argentina,ARG,2006,-14.32
Argentina,ARG,2007,-10.67
Argentina,ARG,2008,-9.26
Argentina,ARG,2009,-10.35
Argentina,ARG,2010,-6.28
Argentina,ARG,2011,-3.72
Argentina,ARG,2012,-1.61
Argentina,ARG,2013,2.11
Argentina,ARG,2014,2.19
Argentina,ARG,2015,5.07
Argentina,ARG,2016,2.21
Argentina,ARG,2017,4.04
Argentina,ARG,2018,2.04
Argentina,ARG,2019,-0.58
Armenia,ARM,1990,-32.62
Armenia,ARM,1991,-37.31
Armenia,ARM,1992,-36.72
Armenia,ARM,1993,-28.67
Armenia,ARM,1994,-34.08
Armenia,ARM,1995,-20.74
Armenia,ARM,1996,11.91
Armenia,ARM,1997,20.75
Armenia,ARM,1998,16.77
Armenia,ARM,1999,68.13
Armenia,ARM,2000,15.01
Armenia,ARM,2001,16.6
Armenia,ARM,2002,20.63
Armenia,ARM,2003,22.73
Armenia,ARM,2004,17.03
Armenia,ARM,2005,23.05
Armenia,ARM,2006,21.3
Armenia,ARM,2007,45.38
Armenia,ARM,2008,19.75
Armenia,ARM,2009,33.93
Armenia,ARM,2010,28.94
Armenia,ARM,2011,15.22
Armenia,ARM,2012,9.91
Armenia,ARM,2013,12.81
Armenia,ARM,2014,11.07
Armenia,ARM,2015,9.37
Armenia,ARM,2016,6.66
Armenia,ARM,2017,3.12
Armenia,ARM,2018,4.29
Armenia,ARM,2019,-1.03
Asia,,1990,-0.94
Asia,,1991,-3.17
Asia,,1992,-0.14
Asia,,1993,-1.39
Asia,,1994,-3.59
Asia,,1995,-3.03
Asia,,1996,-3.89
Asia,,1997,-5.04
Asia,,1998,-7.41
Asia,,1999,-6.44
Asia,,2000,-6.91
Asia,,2001,-7.21
Asia,,2002,-7.89
Asia,,2003,-8.34
Asia,,2004,-9.45
Asia,,2005,-9.92
Asia,,2006,-11.02
Asia,,2007,-10.85
Asia,,2008,-10.32
Asia,,2009,-9.15
Asia,,2010,-9.02
Asia,,2011,-9.34
Asia,,2012,-8.74
Asia,,2013,-8.34
Asia,,2014,-8.09
Asia,,2015,-7.47
Asia,,2016,-7.22
Asia,,2017,-7.28
Asia,,2018,-7.18
Asia,,2019,-7.2
Asia (excl. China & India),,1990,2.88
Asia (excl. China & India),,1991,0.06
Asia (excl. China & India),,1992,3.88
Asia (excl. China & India),,1993,2.05
Asia (excl. China & India),,1994,2.37
Asia (excl. China & India),,1995,3.81
Asia (excl. China & India),,1996,2.46
Asia (excl. China & India),,1997,1.68
Asia (excl. China & India),,1998,-3.93
Asia (excl. China & India),,1999,-3.56
Asia (excl. China & India),,2000,-3.18
Asia (excl. China & India),,2001,-5.63
Asia (excl. China & India),,2002,-4.93
Asia (excl. China & India),,2003,-2.16
Asia (excl. China & India),,2004,-2.5
Asia (excl. China & India),,2005,-0.55
Asia (excl. China & India),,2006,0.79
Asia (excl. China & India),,2007,0.86
Asia (excl. China & India),,2008,1.5
Asia (excl. China & India),,2009,-3.03
Asia (excl. China & India),,2010,-1.32
Asia (excl. China & India),,2011,-1.19
Asia (excl. China & India),,2012,-0.95
Asia (excl. China & India),,2013,0.02
Asia (excl. China & India),,2014,-0.66
Asia (excl. China & India),,2015,-1.01
Asia (excl. China & India),,2016,-2.31
Asia (excl. China & India),,2017,-2.85
Asia (excl. China & India),,2018,-2.88
Asia (excl. China & India),,2019,-2.95
Australia,AUS,1990,-11.98
Australia,AUS,1991,-12.19
Australia,AUS,1992,-12.77
Australia,AUS,1993,-13.74
Australia,AUS,1994,-12.49
Australia,AUS,1995,-13.66
Australia,AUS,1996,-13.62
Australia,AUS,1997,-13.58
Australia,AUS,1998,-11.42
Australia,AUS,1999,-14.02
Australia,AUS,2000,-17.19
Australia,AUS,2001,-17.28
Australia,AUS,2002,-12.63
Australia,AUS,2003,-10.44
Australia,AUS,2004,-10.18
Australia,AUS,2005,-11.61
Australia,AUS,2006,-8.99
Australia,AUS,2007,-7.29
Australia,AUS,2008,-10.24
Australia,AUS,2009,-4.3
Australia,AUS,2010,-5.21
Australia,AUS,2011,-3.08
Australia,AUS,2012,1.89
Australia,AUS,2013,-1.4
Australia,AUS,2014,-0.69
Australia,AUS,2015,-1.48
Australia,AUS,2016,-6.44
Australia,AUS,2017,-6.45
Australia,AUS,2018,-9.01
Australia,AUS,2019,-9.42
Austria,AUT,1990,41.6
Austria,AUT,1991,36.49
Austria,AUT,1992,52.13
Austria,AUT,1993,44.72
Austria,AUT,1994,43.44
Austria,AUT,1995,43.03
Austria,AUT,1996,47.08
Austria,AUT,1997,39.34
Austria,AUT,1998,45.28
Austria,AUT,1999,45.74
Austria,AUT,2000,46
Austria,AUT,2001,41.21
Austria,AUT,2002,38.18
Austria,AUT,2003,30.15
Austria,AUT,2004,33.56
Austria,AUT,2005,34.25
Austria,AUT,2006,40.95
Austria,AUT,2007,38.72
Austria,AUT,2008,37.82
Austria,AUT,2009,37.88
Austria,AUT,2010,36.86
Austria,AUT,2011,45.28
Austria,AUT,2012,42.97
Austria,AUT,2013,39.05
Austria,AUT,2014,41.97
Austria,AUT,2015,38.57
Austria,AUT,2016,37.71
Austria,AUT,2017,36.49
Austria,AUT,2018,39.84
Austria,AUT,2019,34.81
Azerbaijan,AZE,1990,-44.57
Azerbaijan,AZE,1991,-56.23
Azerbaijan,AZE,1992,-75.24
Azerbaijan,AZE,1993,-49.63
Azerbaijan,AZE,1994,-54.04
Azerbaijan,AZE,1995,-29.83
Azerbaijan,AZE,1996,-8.57
Azerbaijan,AZE,1997,-13.45
Azerbaijan,AZE,1998,-4.71
Azerbaijan,AZE,1999,-6.43
Azerbaijan,AZE,2000,-12.96
Azerbaijan,AZE,2001,-9.47
Azerbaijan,AZE,2002,-0.26
Azerbaijan,AZE,2003,9.56
Azerbaijan,AZE,2004,12.46
Azerbaijan,AZE,2005,0.87
Azerbaijan,AZE,2006,1.69
Azerbaijan,AZE,2007,2.53
Azerbaijan,AZE,2008,-0.83
Azerbaijan,AZE,2009,-0.99
Azerbaijan,AZE,2010,-1.55
Azerbaijan,AZE,2011,-1.19
Azerbaijan,AZE,2012,1.78
Azerbaijan,AZE,2013,5.8
Azerbaijan,AZE,2014,7.21
Azerbaijan,AZE,2015,9.73
Azerbaijan,AZE,2016,5.93
Azerbaijan,AZE,2017,6.82
Azerbaijan,AZE,2018,6.27
Azerbaijan,AZE,2019,4.25
Bahrain,BHR,1990,-6.49
Bahrain,BHR,1991,0.5
Bahrain,BHR,1992,5.17
Bahrain,BHR,1993,-4.07
Bahrain,BHR,1994,-2.18
Bahrain,BHR,1995,-3.18
Bahrain,BHR,1996,-6.44
Bahrain,BHR,1997,-17.24
Bahrain,BHR,1998,-12.13
Bahrain,BHR,1999,-45.73
Bahrain,BHR,2000,-32.92
Bahrain,BHR,2001,-20.85
Bahrain,BHR,2002,-23.43
Bahrain,BHR,2003,-32.7
Bahrain,BHR,2004,-38.24
Bahrain,BHR,2005,-34.99
Bahrain,BHR,2006,-43.05
Bahrain,BHR,2007,-44.69
Bahrain,BHR,2008,-43.66
Bahrain,BHR,2009,-34.38
Bahrain,BHR,2010,-33.02
Bahrain,BHR,2011,-49.21
Bahrain,BHR,2012,-53.72
Bahrain,BHR,2013,-56.58
Bahrain,BHR,2014,-52.78
Bahrain,BHR,2015,-47.3
Bahrain,BHR,2016,-42.38
Bahrain,BHR,2017,-43.21
Bahrain,BHR,2018,-44.22
Bahrain,BHR,2019,-44.96
Bangladesh,BGD,1990,28.49
Bangladesh,BGD,1991,30.04
Bangladesh,BGD,1992,33.3
Bangladesh,BGD,1993,29.43
Bangladesh,BGD,1994,30.89
Bangladesh,BGD,1995,24.01
Bangladesh,BGD,1996,25.67
Bangladesh,BGD,1997,24.9
Bangladesh,BGD,1998,24.05
Bangladesh,BGD,1999,19.29
Bangladesh,BGD,2000,23.27
Bangladesh,BGD,2001,29.87
Bangladesh,BGD,2002,17.02
Bangladesh,BGD,2003,37.65
Bangladesh,BGD,2004,32.44
Bangladesh,BGD,2005,29.91
Bangladesh,BGD,2006,25.26
Bangladesh,BGD,2007,31.16
Bangladesh,BGD,2008,25.76
Bangladesh,BGD,2009,26.47
Bangladesh,BGD,2010,30.62
Bangladesh,BGD,2011,33.24
Bangladesh,BGD,2012,29.14
Bangladesh,BGD,2013,37.89
Bangladesh,BGD,2014,34.69
Bangladesh,BGD,2015,29.01
Bangladesh,BGD,2016,26.56
Bangladesh,BGD,2017,25.92
Bangladesh,BGD,2018,27.72
Bangladesh,BGD,2019,22.77
Belarus,BLR,1990,-42.07
Belarus,BLR,1991,-34.63
Belarus,BLR,1992,-50.24
Belarus,BLR,1993,-51.29
Belarus,BLR,1994,-53.92
Belarus,BLR,1995,-41.46
Belarus,BLR,1996,-19.49
Belarus,BLR,1997,-24.22
Belarus,BLR,1998,23.09
Belarus,BLR,1999,21.32
Belarus,BLR,2000,19.32
Belarus,BLR,2001,11.8
Belarus,BLR,2002,16.66
Belarus,BLR,2003,9.57
Belarus,BLR,2004,6.93
Belarus,BLR,2005,-1.56
Belarus,BLR,2006,5.43
Belarus,BLR,2007,11.43
Belarus,BLR,2008,17.21
Belarus,BLR,2009,-11.18
Belarus,BLR,2010,-3.67
Belarus,BLR,2011,-18.14
Belarus,BLR,2012,1.22
Belarus,BLR,2013,4.54
Belarus,BLR,2014,6.89
Belarus,BLR,2015,8.74
Belarus,BLR,2016,2.43
Belarus,BLR,2017,1.72
Belarus,BLR,2018,5.47
Belarus,BLR,2019,4.08
Belgium,BEL,1990,28.34
Belgium,BEL,1991,25.9
Belgium,BEL,1992,40.3
Belgium,BEL,1993,33.56
Belgium,BEL,1994,29.38
Belgium,BEL,1995,31.61
Belgium,BEL,1996,27.05
Belgium,BEL,1997,36.8
Belgium,BEL,1998,38.61
Belgium,BEL,1999,48.15
Belgium,BEL,2000,48.83
Belgium,BEL,2001,48.04
Belgium,BEL,2002,56.19
Belgium,BEL,2003,53.07
Belgium,BEL,2004,69.27
Belgium,BEL,2005,70.35
Belgium,BEL,2006,80.37
Belgium,BEL,2007,87.84
Belgium,BEL,2008,73.99
Belgium,BEL,2009,65.02
Belgium,BEL,2010,68.31
Belgium,BEL,2011,95.52
Belgium,BEL,2012,80
Belgium,BEL,2013,77.21
Belgium,BEL,2014,82.51
Belgium,BEL,2015,73.71
Belgium,BEL,2016,70.57
Belgium,BEL,2017,72.36
Belgium,BEL,2018,76.27
Belgium,BEL,2019,71.98
Benin,BEN,1990,50.94
Benin,BEN,1991,44.94
Benin,BEN,1992,41.72
Benin,BEN,1993,32.44
Benin,BEN,1994,34.22
Benin,BEN,1995,38.11
Benin,BEN,1996,45.03
Benin,BEN,1997,57.89
Benin,BEN,1998,79.53
Benin,BEN,1999,39.68
Benin,BEN,2000,68.68
Benin,BEN,2001,64.88
Benin,BEN,2002,55.66
Benin,BEN,2003,61.51
Benin,BEN,2004,40.98
Benin,BEN,2005,91.45
Benin,BEN,2006,83.17
Benin,BEN,2007,61.27
Benin,BEN,2008,82.92
Benin,BEN,2009,60.21
Benin,BEN,2010,52.68
Benin,BEN,2011,94.45
Benin,BEN,2012,68.09
Benin,BEN,2013,70.83
Benin,BEN,2014,55.94
Benin,BEN,2015,48.59
Benin,BEN,2016,27.29
Benin,BEN,2017,26.11
Benin,BEN,2018,25.83
Benin,BEN,2019,27.38
Bolivia,BOL,1990,-2.19
Bolivia,BOL,1991,-2.33
Bolivia,BOL,1992,-1.08
Bolivia,BOL,1993,-3.05
Bolivia,BOL,1994,-6.26
Bolivia,BOL,1995,-7.85
Bolivia,BOL,1996,-7.35
Bolivia,BOL,1997,-2.65
Bolivia,BOL,1998,-0.11
Bolivia,BOL,1999,5.44
Bolivia,BOL,2000,4.63
Bolivia,BOL,2001,3.25
Bolivia,BOL,2002,10.49
Bolivia,BOL,2003,-6.82
Bolivia,BOL,2004,-11.23
Bolivia,BOL,2005,-14.06
Bolivia,BOL,2006,-14.17
Bolivia,BOL,2007,-15.2
Bolivia,BOL,2008,-12.44
Bolivia,BOL,2009,-5.32
Bolivia,BOL,2010,-8.73
Bolivia,BOL,2011,-7.45
Bolivia,BOL,2012,-10.57
Bolivia,BOL,2013,-10.12
Bolivia,BOL,2014,-10.76
Bolivia,BOL,2015,-4.46
Bolivia,BOL,2016,-1.92
Bolivia,BOL,2017,-2.47
Bolivia,BOL,2018,-2.52
Bolivia,BOL,2019,-2.02
Botswana,BWA,1990,0
Botswana,BWA,1991,0
Botswana,BWA,1992,0
Botswana,BWA,1993,0
Botswana,BWA,1994,0
Botswana,BWA,1995,0
Botswana,BWA,1996,0
Botswana,BWA,1997,0
Botswana,BWA,1998,0
Botswana,BWA,1999,0
Botswana,BWA,2000,103.35
Botswana,BWA,2001,81.43
Botswana,BWA,2002,-18.79
Botswana,BWA,2003,220.04
Botswana,BWA,2004,132.57
Botswana,BWA,2005,84.12
Botswana,BWA,2006,82.96
Botswana,BWA,2007,131.15
Botswana,BWA,2008,165.58
Botswana,BWA,2009,37.2
Botswana,BWA,2010,49.54
Botswana,BWA,2011,24.81
Botswana,BWA,2012,16.66
Botswana,BWA,2013,184.06
Botswana,BWA,2014,156.8
Botswana,BWA,2015,196.62
Botswana,BWA,2016,167.35
Botswana,BWA,2017,150.81
Botswana,BWA,2018,140.01
Botswana,BWA,2019,166.13
Brazil,BRA,1990,12.14
Brazil,BRA,1991,9.78
Brazil,BRA,1992,8.66
Brazil,BRA,1993,7.47
Brazil,BRA,1994,8.39
Brazil,BRA,1995,10.68
Brazil,BRA,1996,11.14
Brazil,BRA,1997,11.4
Brazil,BRA,1998,9.89
Brazil,BRA,1999,1.62
Brazil,BRA,2000,3.01
Brazil,BRA,2001,-0.78
Brazil,BRA,2002,-4.48
Brazil,BRA,2003,-5.32
Brazil,BRA,2004,-6.33
Brazil,BRA,2005,-3.23
Brazil,BRA,2006,-1
Brazil,BRA,2007,1.86
Brazil,BRA,2008,7.27
Brazil,BRA,2009,4.45
Brazil,BRA,2010,10.15
Brazil,BRA,2011,11.05
Brazil,BRA,2012,8.91
Brazil,BRA,2013,7.81
Brazil,BRA,2014,7.17
Brazil,BRA,2015,3.72
Brazil,BRA,2016,4.58
Brazil,BRA,2017,4.77
Brazil,BRA,2018,3.71
Brazil,BRA,2019,3.74
Brunei,BRN,1990,-28.09
Brunei,BRN,1991,-23.8
Brunei,BRN,1992,-16.35
Brunei,BRN,1993,-6.52
Brunei,BRN,1994,3.76
Brunei,BRN,1995,-0.81
Brunei,BRN,1996,16.25
Brunei,BRN,1997,-23.45
Brunei,BRN,1998,0.85
Brunei,BRN,1999,-18.6
Brunei,BRN,2000,-32.16
Brunei,BRN,2001,-30.89
Brunei,BRN,2002,-27.67
Brunei,BRN,2003,0.35
Brunei,BRN,2004,-13.15
Brunei,BRN,2005,-13.97
Brunei,BRN,2006,-4.33
Brunei,BRN,2007,-18.22
Brunei,BRN,2008,-22.77
Brunei,BRN,2009,-17.05
Brunei,BRN,2010,-19.25
Brunei,BRN,2011,-19.11
Brunei,BRN,2012,-12.25
Brunei,BRN,2013,11.2
Brunei,BRN,2014,1.57
Brunei,BRN,2015,17.51
Brunei,BRN,2016,11.99
Brunei,BRN,2017,4.81
Brunei,BRN,2018,4.87
Brunei,BRN,2019,0.09
Bulgaria,BGR,1990,-20.11
Bulgaria,BGR,1991,-27.36
Bulgaria,BGR,1992,-26.51
Bulgaria,BGR,1993,-22.2
Bulgaria,BGR,1994,-26.33
Bulgaria,BGR,1995,-19.73
Bulgaria,BGR,1996,-17.13
Bulgaria,BGR,1997,-17.23
Bulgaria,BGR,1998,-14.19
Bulgaria,BGR,1999,-11.23
Bulgaria,BGR,2000,-1.98
Bulgaria,BGR,2001,-6.55
Bulgaria,BGR,2002,-6.11
Bulgaria,BGR,2003,-8.18
Bulgaria,BGR,2004,-8.01
Bulgaria,BGR,2005,-6.35
Bulgaria,BGR,2006,-2.13
Bulgaria,BGR,2007,-6.13
Bulgaria,BGR,2008,-1.58
Bulgaria,BGR,2009,-3.77
Bulgaria,BGR,2010,-10.48
Bulgaria,BGR,2011,-14.23
Bulgaria,BGR,2012,-9.64
Bulgaria,BGR,2013,-10.98
Bulgaria,BGR,2014,-12.63
Bulgaria,BGR,2015,-14.77
Bulgaria,BGR,2016,-14.74
Bulgaria,BGR,2017,-15.85
Bulgaria,BGR,2018,-9.83
Bulgaria,BGR,2019,-9.06
Burkina Faso,BFA,1990,39.36
Burkina Faso,BFA,1991,36.59
Burkina Faso,BFA,1992,37.9
Burkina Faso,BFA,1993,38.99
Burkina Faso,BFA,1994,39.08
Burkina Faso,BFA,1995,47.6
Burkina Faso,BFA,1996,38.29
Burkina Faso,BFA,1997,39.07
Burkina Faso,BFA,1998,95.62
Burkina Faso,BFA,1999,118.05
Burkina Faso,BFA,2000,43.29
Burkina Faso,BFA,2001,66.56
Burkina Faso,BFA,2002,67.7
Burkina Faso,BFA,2003,77.88
Burkina Faso,BFA,2004,112.55
Burkina Faso,BFA,2005,44.41
Burkina Faso,BFA,2006,32.89
Burkina Faso,BFA,2007,38.31
Burkina Faso,BFA,2008,41.4
Burkina Faso,BFA,2009,52.04
Burkina Faso,BFA,2010,39.57
Burkina Faso,BFA,2011,27.25
Burkina Faso,BFA,2012,14.41
Burkina Faso,BFA,2013,41.28
Burkina Faso,BFA,2014,40.62
Burkina Faso,BFA,2015,33.21
Burkina Faso,BFA,2016,32.71
Burkina Faso,BFA,2017,27.7
Burkina Faso,BFA,2018,24.35
Burkina Faso,BFA,2019,25.54
Cambodia,KHM,1990,48.23
Cambodia,KHM,1991,49.44
Cambodia,KHM,1992,51.63
Cambodia,KHM,1993,44.7
Cambodia,KHM,1994,46.91
Cambodia,KHM,1995,36.86
Cambodia,KHM,1996,50.68
Cambodia,KHM,1997,53.69
Cambodia,KHM,1998,49.4
Cambodia,KHM,1999,42.67
Cambodia,KHM,2000,41.02
Cambodia,KHM,2001,49.45
Cambodia,KHM,2002,18.15
Cambodia,KHM,2003,97.99
Cambodia,KHM,2004,99.1
Cambodia,KHM,2005,118.48
Cambodia,KHM,2006,124.84
Cambodia,KHM,2007,111.51
Cambodia,KHM,2008,107.59
Cambodia,KHM,2009,79.23
Cambodia,KHM,2010,95.69
Cambodia,KHM,2011,112.59
Cambodia,KHM,2012,99.24
Cambodia,KHM,2013,131.07
Cambodia,KHM,2014,109.45
Cambodia,KHM,2015,75.25
Cambodia,KHM,2016,52
Cambodia,KHM,2017,38.48
Cambodia,KHM,2018,40.02
Cambodia,KHM,2019,29.58
Cameroon,CMR,1990,16.45
Cameroon,CMR,1991,15.2
Cameroon,CMR,1992,19.31
Cameroon,CMR,1993,18.98
Cameroon,CMR,1994,17.73
Cameroon,CMR,1995,13.98
Cameroon,CMR,1996,9.49
Cameroon,CMR,1997,26.94
Cameroon,CMR,1998,26.43
Cameroon,CMR,1999,8.43
Cameroon,CMR,2000,19.85
Cameroon,CMR,2001,36.69
Cameroon,CMR,2002,37.34
Cameroon,CMR,2003,42.97
Cameroon,CMR,2004,32.84
Cameroon,CMR,2005,46.06
Cameroon,CMR,2006,42.16
Cameroon,CMR,2007,7.24
Cameroon,CMR,2008,23.43
Cameroon,CMR,2009,18.34
Cameroon,CMR,2010,19.64
Cameroon,CMR,2011,29.35
Cameroon,CMR,2012,42.31
Cameroon,CMR,2013,73.01
Cameroon,CMR,2014,49
Cameroon,CMR,2015,32.42
Cameroon,CMR,2016,31.35
Cameroon,CMR,2017,36.88
Cameroon,CMR,2018,39.38
Cameroon,CMR,2019,41.04
Canada,CAN,1990,6.02
Canada,CAN,1991,7.76
Canada,CAN,1992,7.45
Canada,CAN,1993,4.66
Canada,CAN,1994,2.68
Canada,CAN,1995,1.74
Canada,CAN,1996,0.43
Canada,CAN,1997,3.84
Canada,CAN,1998,3.05
Canada,CAN,1999,-0.11
Canada,CAN,2000,-0.37
Canada,CAN,2001,-2.79
Canada,CAN,2002,0.27
Canada,CAN,2003,-6.28
Canada,CAN,2004,-3.16
Canada,CAN,2005,0.1
Canada,CAN,2006,-0.84
Canada,CAN,2007,0.84
Canada,CAN,2008,0.77
Canada,CAN,2009,2.68
Canada,CAN,2010,6.79
Canada,CAN,2011,-0.79
Canada,CAN,2012,5.89
Canada,CAN,2013,5.55
Canada,CAN,2014,4.23
Canada,CAN,2015,0.74
Canada,CAN,2016,-0.02
Canada,CAN,2017,0.25
Canada,CAN,2018,0.17
Canada,CAN,2019,-1.2
Chile,CHL,1990,-2.05
Chile,CHL,1991,0.34
Chile,CHL,1992,4.26
Chile,CHL,1993,4.77
Chile,CHL,1994,1.4
Chile,CHL,1995,0.29
Chile,CHL,1996,1.47
Chile,CHL,1997,-1.31
Chile,CHL,1998,-1.05
Chile,CHL,1999,-1.2
Chile,CHL,2000,3.4
Chile,CHL,2001,4.01
Chile,CHL,2002,9.14
Chile,CHL,2003,1.54
Chile,CHL,2004,-1.12
Chile,CHL,2005,3.24
Chile,CHL,2006,3.69
Chile,CHL,2007,-0.23
Chile,CHL,2008,10.77
Chile,CHL,2009,-0.81
Chile,CHL,2010,4.2
Chile,CHL,2011,6.86
Chile,CHL,2012,13.42
Chile,CHL,2013,12.17
Chile,CHL,2014,12.6
Chile,CHL,2015,10.39
Chile,CHL,2016,8.11
Chile,CHL,2017,8.62
Chile,CHL,2018,9.97
Chile,CHL,2019,8.73
China,CHN,1990,-6.62
China,CHN,1991,-7.9
China,CHN,1992,-5.63
China,CHN,1993,-5.62
China,CHN,1994,-11.38
China,CHN,1995,-10.93
China,CHN,1996,-10.91
China,CHN,1997,-13
China,CHN,1998,-12.04
China,CHN,1999,-10.67
China,CHN,2000,-11.56
China,CHN,2001,-9.35
China,CHN,2002,-11.58
China,CHN,2003,-15.71
China,CHN,2004,-17.22
China,CHN,2005,-19.1
China,CHN,2006,-22.14
China,CHN,2007,-21.45
China,CHN,2008,-20.25
China,CHN,2009,-14.68
China,CHN,2010,-15.31
China,CHN,2011,-15.38
China,CHN,2012,-14.41
China,CHN,2013,-13.6
China,CHN,2014,-12.9
China,CHN,2015,-11.86
China,CHN,2016,-10.49
China,CHN,2017,-10.4
China,CHN,2018,-9.77
China,CHN,2019,-9.98
Colombia,COL,1990,11.19
Colombia,COL,1991,8.29
Colombia,COL,1992,10.5
Colombia,COL,1993,10.41
Colombia,COL,1994,10.32
Colombia,COL,1995,14.42
Colombia,COL,1996,12.81
Colombia,COL,1997,12.83
Colombia,COL,1998,11.8
Colombia,COL,1999,6.05
Colombia,COL,2000,4.78
Colombia,COL,2001,5.59
Colombia,COL,2002,13.89
Colombia,COL,2003,4.42
Colombia,COL,2004,6.26
Colombia,COL,2005,8.58
Colombia,COL,2006,12.55
Colombia,COL,2007,17.56
Colombia,COL,2008,15.25
Colombia,COL,2009,6.95
Colombia,COL,2010,10.5
Colombia,COL,2011,13.14
Colombia,COL,2012,15.57
Colombia,COL,2013,14.36
Colombia,COL,2014,14.72
Colombia,COL,2015,12.26
Colombia,COL,2016,11.31
Colombia,COL,2017,13.44
Colombia,COL,2018,14.17
Colombia,COL,2019,11.21
Costa Rica,CRI,1990,75.96
Costa Rica,CRI,1991,58.11
Costa Rica,CRI,1992,52.31
Costa Rica,CRI,1993,47.17
Costa Rica,CRI,1994,31.87
Costa Rica,CRI,1995,39.48
Costa Rica,CRI,1996,39.53
Costa Rica,CRI,1997,44.35
Costa Rica,CRI,1998,56.68
Costa Rica,CRI,1999,99.47
Costa Rica,CRI,2000,79.99
Costa Rica,CRI,2001,82.15
Costa Rica,CRI,2002,146.14
Costa Rica,CRI,2003,76.33
Costa Rica,CRI,2004,77.88
Costa Rica,CRI,2005,96.6
Costa Rica,CRI,2006,64.31
Costa Rica,CRI,2007,64.19
Costa Rica,CRI,2008,67.17
Costa Rica,CRI,2009,46.67
Costa Rica,CRI,2010,65.23
Costa Rica,CRI,2011,85.68
Costa Rica,CRI,2012,92.31
Costa Rica,CRI,2013,74.74
Costa Rica,CRI,2014,71.34
Costa Rica,CRI,2015,69.25
Costa Rica,CRI,2016,58.05
Costa Rica,CRI,2017,55.29
Costa Rica,CRI,2018,57.94
Costa Rica,CRI,2019,49.63
Cote d'Ivoire,CIV,1990,24.11
Cote d'Ivoire,CIV,1991,28.88
Cote d'Ivoire,CIV,1992,51.2
Cote d'Ivoire,CIV,1993,28.68
Cote d'Ivoire,CIV,1994,28.44
Cote d'Ivoire,CIV,1995,15.63
Cote d'Ivoire,CIV,1996,-9.22
Cote d'Ivoire,CIV,1997,-8.1
Cote d'Ivoire,CIV,1998,28.13
Cote d'Ivoire,CIV,1999,4.91
Cote d'Ivoire,CIV,2000,-13.01
Cote d'Ivoire,CIV,2001,-14.34
Cote d'Ivoire,CIV,2002,-26.63
Cote d'Ivoire,CIV,2003,34.1
Cote d'Ivoire,CIV,2004,1.8
Cote d'Ivoire,CIV,2005,10.76
Cote d'Ivoire,CIV,2006,21.48
Cote d'Ivoire,CIV,2007,18.43
Cote d'Ivoire,CIV,2008,28.77
Cote d'Ivoire,CIV,2009,37.19
Cote d'Ivoire,CIV,2010,33.41
Cote d'Ivoire,CIV,2011,28.93
Cote d'Ivoire,CIV,2012,23.06
Cote d'Ivoire,CIV,2013,58.42
Cote d'Ivoire,CIV,2014,58.27
Cote d'Ivoire,CIV,2015,53.86
Cote d'Ivoire,CIV,2016,36.88
Cote d'Ivoire,CIV,2017,37.28
Cote d'Ivoire,CIV,2018,50.73
Cote d'Ivoire,CIV,2019,46.87
Croatia,HRV,1990,-8.44
Croatia,HRV,1991,-7.99
Croatia,HRV,1992,10.1
Croatia,HRV,1993,7.38
Croatia,HRV,1994,9.2
Croatia,HRV,1995,13.81
Croatia,HRV,1996,14.51
Croatia,HRV,1997,13.77
Croatia,HRV,1998,9.41
Croatia,HRV,1999,9.78
Croatia,HRV,2000,9.57
Croatia,HRV,2001,16.13
Croatia,HRV,2002,17.14
Croatia,HRV,2003,18.85
Croatia,HRV,2004,18.99
Croatia,HRV,2005,22.86
Croatia,HRV,2006,36.29
Croatia,HRV,2007,25.93
Croatia,HRV,2008,31.35
Croatia,HRV,2009,23.08
Croatia,HRV,2010,20.43
Croatia,HRV,2011,34.23
Croatia,HRV,2012,20.05
Croatia,HRV,2013,20.4
Croatia,HRV,2014,18.42
Croatia,HRV,2015,17.34
Croatia,HRV,2016,16.95
Croatia,HRV,2017,16.12
Croatia,HRV,2018,20.49
Croatia,HRV,2019,20.34
Cyprus,CYP,1990,44.14
Cyprus,CYP,1991,32.38
Cyprus,CYP,1992,47.63
Cyprus,CYP,1993,29.23
Cyprus,CYP,1994,24.45
Cyprus,CYP,1995,30.85
Cyprus,CYP,1996,45.12
Cyprus,CYP,1997,30.15
Cyprus,CYP,1998,48.32
Cyprus,CYP,1999,19.65
Cyprus,CYP,2000,38.17
Cyprus,CYP,2001,36.37
Cyprus,CYP,2002,59.36
Cyprus,CYP,2003,33.13
Cyprus,CYP,2004,17.63
Cyprus,CYP,2005,21.46
Cyprus,CYP,2006,15.33
Cyprus,CYP,2007,27.01
Cyprus,CYP,2008,40.64
Cyprus,CYP,2009,55.37
Cyprus,CYP,2010,65.07
Cyprus,CYP,2011,51.79
Cyprus,CYP,2012,33.47
Cyprus,CYP,2013,19.6
Cyprus,CYP,2014,12.6
Cyprus,CYP,2015,7.75
Cyprus,CYP,2016,0.62
Cyprus,CYP,2017,2.75
Cyprus,CYP,2018,7.29
Cyprus,CYP,2019,5.98
Czechia,CZE,1990,-8.14
Czechia,CZE,1991,-12.4
Czechia,CZE,1992,0.7
Czechia,CZE,1993,-5.9
Czechia,CZE,1994,-5.64
Czechia,CZE,1995,-6.27
Czechia,CZE,1996,-9.45
Czechia,CZE,1997,-9.72
Czechia,CZE,1998,-9.42
Czechia,CZE,1999,-5.99
Czechia,CZE,2000,-6.9
Czechia,CZE,2001,-6.59
Czechia,CZE,2002,-1.92
Czechia,CZE,2003,-5.92
Czechia,CZE,2004,-10.58
Czechia,CZE,2005,-12.88
Czechia,CZE,2006,-5.5
Czechia,CZE,2007,-2.82
Czechia,CZE,2008,4.18
Czechia,CZE,2009,-1.46
Czechia,CZE,2010,1.72
Czechia,CZE,2011,3.02
Czechia,CZE,2012,-1.21
Czechia,CZE,2013,-0.02
Czechia,CZE,2014,-2.13
Czechia,CZE,2015,-1.68
Czechia,CZE,2016,-2.74
Czechia,CZE,2017,-1.55
Czechia,CZE,2018,1.47
Czechia,CZE,2019,2.68
Denmark,DNK,1990,15.17
Denmark,DNK,1991,2.03
Denmark,DNK,1992,17.99
Denmark,DNK,1993,10.03
Denmark,DNK,1994,5.96
Denmark,DNK,1995,10.14
Denmark,DNK,1996,-2.31
Denmark,DNK,1997,3.37
Denmark,DNK,1998,7.42
Denmark,DNK,1999,18.74
Denmark,DNK,2000,20.61
Denmark,DNK,2001,17.19
Denmark,DNK,2002,19.66
Denmark,DNK,2003,12.61
Denmark,DNK,2004,26.24
Denmark,DNK,2005,30.59
Denmark,DNK,2006,23.73
Denmark,DNK,2007,27.91
Denmark,DNK,2008,31.37
Denmark,DNK,2009,27.45
Denmark,DNK,2010,27.75
Denmark,DNK,2011,38.9
Denmark,DNK,2012,39.31
Denmark,DNK,2013,33.86
Denmark,DNK,2014,41.22
Denmark,DNK,2015,44.41
Denmark,DNK,2016,38.6
Denmark,DNK,2017,45.75
Denmark,DNK,2018,48.58
Denmark,DNK,2019,54.53
Dominican Republic,DOM,1990,4.45
Dominican Republic,DOM,1991,3.78
Dominican Republic,DOM,1992,3.87
Dominican Republic,DOM,1993,1.87
Dominican Republic,DOM,1994,2.44
Dominican Republic,DOM,1995,-1.44
Dominican Republic,DOM,1996,-0.92
Dominican Republic,DOM,1997,2.2
Dominican Republic,DOM,1998,9.3
Dominican Republic,DOM,1999,15.24
Dominican Republic,DOM,2000,22.36
Dominican Republic,DOM,2001,21.04
Dominican Republic,DOM,2002,6.63
Dominican Republic,DOM,2003,-2.85
Dominican Republic,DOM,2004,0.52
Dominican Republic,DOM,2005,14.91
Dominican Republic,DOM,2006,10.95
Dominican Republic,DOM,2007,19.92
Dominican Republic,DOM,2008,25.26
Dominican Republic,DOM,2009,18.21
Dominican Republic,DOM,2010,19.66
Dominican Republic,DOM,2011,18.65
Dominican Republic,DOM,2012,23.75
Dominican Republic,DOM,2013,20.48
Dominican Republic,DOM,2014,16.61
Dominican Republic,DOM,2015,10.1
Dominican Republic,DOM,2016,5.62
Dominican Republic,DOM,2017,6.97
Dominican Republic,DOM,2018,5.72
Dominican Republic,DOM,2019,2.73
EU-27,,1990,13.24
EU-27,,1991,12.24
EU-27,,1992,24.31
EU-27,,1993,18.45
EU-27,,1994,15.94
EU-27,,1995,16.05
EU-27,,1996,12.18
EU-27,,1997,11.83
EU-27,,1998,13.64
EU-27,,1999,14.81
EU-27,,2000,16.28
EU-27,,2001,14.12
EU-27,,2002,15.57
EU-27,,2003,14.8
EU-27,,2004,17.57
EU-27,,2005,18.42
EU-27,,2006,22.81
EU-27,,2007,21.96
EU-27,,2008,23.05
EU-27,,2009,21.02
EU-27,,2010,21.31
EU-27,,2011,24.74
EU-27,,2012,19.01
EU-27,,2013,17.52
EU-27,,2014,18.66
EU-27,,2015,15.75
EU-27,,2016,14.26
EU-27,,2017,14.89
EU-27,,2018,17.91
EU-27,,2019,18.39
EU-28,,1990,12.98
EU-28,,1991,12.08
EU-28,,1992,23.25
EU-28,,1993,17.77
EU-28,,1994,15.57
EU-28,,1995,15.79
EU-28,,1996,12.57
EU-28,,1997,12.89
EU-28,,1998,14.9
EU-28,,1999,15.8
EU-28,,2000,17.14
EU-28,,2001,15.23
EU-28,,2002,16.77
EU-28,,2003,16.13
EU-28,,2004,19.02
EU-28,,2005,19.62
EU-28,,2006,23.85
EU-28,,2007,23.54
EU-28,,2008,24.03
EU-28,,2009,22.57
EU-28,,2010,22.88
EU-28,,2011,25.92
EU-28,,2012,20.64
EU-28,,2013,19.06
EU-28,,2014,20.69
EU-28,,2015,18.1
EU-28,,2016,16.76
EU-28,,2017,17.5
EU-28,,2018,20.51
EU-28,,2019,20.95
Ecuador,ECU,1990,3.25
Ecuador,ECU,1991,1.8
Ecuador,ECU,1992,-5.21
Ecuador,ECU,1993,-2.48
Ecuador,ECU,1994,11.62
Ecuador,ECU,1995,-0.13
Ecuador,ECU,1996,-3.25
Ecuador,ECU,1997,6.44
Ecuador,ECU,1998,10.15
Ecuador,ECU,1999,1.82
Ecuador,ECU,2000,1.52
Ecuador,ECU,2001,11.39
Ecuador,ECU,2002,20.26
Ecuador,ECU,2003,11.92
Ecuador,ECU,2004,9.69
Ecuador,ECU,2005,10.65
Ecuador,ECU,2006,16.16
Ecuador,ECU,2007,13.49
Ecuador,ECU,2008,18.32
Ecuador,ECU,2009,15.39
Ecuador,ECU,2010,21.44
Ecuador,ECU,2011,20.29
Ecuador,ECU,2012,23.22
Ecuador,ECU,2013,20.37
Ecuador,ECU,2014,16.81
Ecuador,ECU,2015,19.46
Ecuador,ECU,2016,19.45
Ecuador,ECU,2017,19.53
Ecuador,ECU,2018,20.81
Ecuador,ECU,2019,20.72
Egypt,EGY,1990,8.73
Egypt,EGY,1991,1.3
Egypt,EGY,1992,9.42
Egypt,EGY,1993,2.02
Egypt,EGY,1994,5.47
Egypt,EGY,1995,4
Egypt,EGY,1996,6.43
Egypt,EGY,1997,3.42
Egypt,EGY,1998,5.54
Egypt,EGY,1999,6.38
Egypt,EGY,2000,-1.65
Egypt,EGY,2001,-2.62
Egypt,EGY,2002,-2.4
Egypt,EGY,2003,-5.24
Egypt,EGY,2004,-12.6
Egypt,EGY,2005,-7.41
Egypt,EGY,2006,-9.8
Egypt,EGY,2007,-8.48
Egypt,EGY,2008,-6.11
Egypt,EGY,2009,-2.44
Egypt,EGY,2010,0.82
Egypt,EGY,2011,-0.34
Egypt,EGY,2012,5.92
Egypt,EGY,2013,3.58
Egypt,EGY,2014,4.55
Egypt,EGY,2015,4.53
Egypt,EGY,2016,5.26
Egypt,EGY,2017,0.07
Egypt,EGY,2018,0.19
Egypt,EGY,2019,0.45
El Salvador,SLV,1990,62.31
El Salvador,SLV,1991,45.96
El Salvador,SLV,1992,48.25
El Salvador,SLV,1993,34.55
El Salvador,SLV,1994,32.05
El Salvador,SLV,1995,30.51
El Salvador,SLV,1996,37.15
El Salvador,SLV,1997,33.05
El Salvador,SLV,1998,41.96
El Salvador,SLV,1999,41.21
El Salvador,SLV,2000,44.85
El Salvador,SLV,2001,51.41
El Salvador,SLV,2002,50.13
El Salvador,SLV,2003,45.79
El Salvador,SLV,2004,44.29
El Salvador,SLV,2005,41.36
El Salvador,SLV,2006,38.8
El Salvador,SLV,2007,37.67
El Salvador,SLV,2008,45.71
El Salvador,SLV,2009,29.35
El Salvador,SLV,2010,33.48
El Salvador,SLV,2011,40.53
El Salvador,SLV,2012,35.16
El Salvador,SLV,2013,41.99
El Salvador,SLV,2014,39.02
El Salvador,SLV,2015,28.86
El Salvador,SLV,2016,27.27
El Salvador,SLV,2017,33.05
El Salvador,SLV,2018,31.3
El Salvador,SLV,2019,25.73
Estonia,EST,1990,-15.78
Estonia,EST,1991,-11.71
Estonia,EST,1992,-2.38
Estonia,EST,1993,-8.59
Estonia,EST,1994,-17.89
Estonia,EST,1995,-14.26
Estonia,EST,1996,-12.23
Estonia,EST,1997,-15.04
Estonia,EST,1998,2.41
Estonia,EST,1999,25.86
Estonia,EST,2000,19.98
Estonia,EST,2001,13.97
Estonia,EST,2002,25.18
Estonia,EST,2003,20.45
Estonia,EST,2004,6.09
Estonia,EST,2005,10.67
Estonia,EST,2006,21.69
Estonia,EST,2007,5.82
Estonia,EST,2008,-0.12
Estonia,EST,2009,3.85
Estonia,EST,2010,-7.07
Estonia,EST,2011,2.23
Estonia,EST,2012,3.08
Estonia,EST,2013,-6.59
Estonia,EST,2014,-4.5
Estonia,EST,2015,4.48
Estonia,EST,2016,-1.63
Estonia,EST,2017,-2.74
Estonia,EST,2018,2.81
Estonia,EST,2019,20.54
Ethiopia,ETH,1990,30.56
Ethiopia,ETH,1991,33.57
Ethiopia,ETH,1992,37.2
Ethiopia,ETH,1993,35.19
Ethiopia,ETH,1994,51.58
Ethiopia,ETH,1995,46.38
Ethiopia,ETH,1996,42.32
Ethiopia,ETH,1997,47.1
Ethiopia,ETH,1998,63.49
Ethiopia,ETH,1999,64.54
Ethiopia,ETH,2000,43.68
Ethiopia,ETH,2001,37.2
Ethiopia,ETH,2002,33.11
Ethiopia,ETH,2003,38.65
Ethiopia,ETH,2004,34.68
Ethiopia,ETH,2005,56.63
Ethiopia,ETH,2006,60.96
Ethiopia,ETH,2007,45.75
Ethiopia,ETH,2008,56.06
Ethiopia,ETH,2009,74.12
Ethiopia,ETH,2010,56.8
Ethiopia,ETH,2011,40.32
Ethiopia,ETH,2012,70.58
Ethiopia,ETH,2013,61.4
Ethiopia,ETH,2014,46.94
Ethiopia,ETH,2015,42.11
Ethiopia,ETH,2016,36.13
Ethiopia,ETH,2017,34.57
Ethiopia,ETH,2018,33.45
Ethiopia,ETH,2019,31.81
Europe,,1990,-3.44
Europe,,1991,-1.09
Europe,,1992,-6.31
Europe,,1993,-3.59
Europe,,1994,-0.81
Europe,,1995,-0.48
Europe,,1996,1.22
Europe,,1997,1.51
Europe,,1998,1.5
Europe,,1999,1.31
Europe,,2000,2.11
Europe,,2001,2.35
Europe,,2002,3.66
Europe,,2003,4.25
Europe,,2004,5.97
Europe,,2005,6.91
Europe,,2006,8.77
Europe,,2007,10.13
Europe,,2008,10.16
Europe,,2009,9.23
Europe,,2010,9.19
Europe,,2011,11.09
Europe,,2012,8.54
Europe,,2013,8.17
Europe,,2014,8.8
Europe,,2015,6.67
Europe,,2016,6.23
Europe,,2017,6.8
Europe,,2018,7.36
Europe,,2019,7.66
Europe (excl. EU-27),,1990,-18.83
Europe (excl. EU-27),,1991,-13.92
Europe (excl. EU-27),,1992,-39.05
Europe (excl. EU-27),,1993,-28.33
Europe (excl. EU-27),,1994,-21.72
Europe (excl. EU-27),,1995,-21.91
Europe (excl. EU-27),,1996,-13.41
Europe (excl. EU-27),,1997,-12.76
Europe (excl. EU-27),,1998,-15.35
Europe (excl. EU-27),,1999,-17.4
Europe (excl. EU-27),,2000,-17.66
Europe (excl. EU-27),,2001,-13.89
Europe (excl. EU-27),,2002,-13.02
Europe (excl. EU-27),,2003,-10.39
Europe (excl. EU-27),,2004,-10.12
Europe (excl. EU-27),,2005,-8.94
Europe (excl. EU-27),,2006,-9.96
Europe (excl. EU-27),,2007,-5.44
Europe (excl. EU-27),,2008,-6.37
Europe (excl. EU-27),,2009,-5.93
Europe (excl. EU-27),,2010,-6.14
Europe (excl. EU-27),,2011,-5.53
Europe (excl. EU-27),,2012,-3.76
Europe (excl. EU-27),,2013,-2.84
Europe (excl. EU-27),,2014,-2.72
Europe (excl. EU-27),,2015,-4.3
Europe (excl. EU-27),,2016,-3.52
Europe (excl. EU-27),,2017,-3.07
Europe (excl. EU-27),,2018,-5.02
Europe (excl. EU-27),,2019,-4.51
Europe (excl. EU-28),,1990,-23.9
Europe (excl. EU-28),,1991,-18.5
Europe (excl. EU-28),,1992,-50.74
Europe (excl. EU-28),,1993,-37.57
Europe (excl. EU-28),,1994,-30.53
Europe (excl. EU-28),,1995,-31.1
Europe (excl. EU-28),,1996,-21.14
Europe (excl. EU-28),,1997,-21.68
Europe (excl. EU-28),,1998,-26.08
Europe (excl. EU-28),,1999,-28.46
Europe (excl. EU-28),,2000,-29.16
Europe (excl. EU-28),,2001,-24.05
Europe (excl. EU-28),,2002,-23.41
Europe (excl. EU-28),,2003,-20.08
Europe (excl. EU-28),,2004,-20.65
Europe (excl. EU-28),,2005,-18.76
Europe (excl. EU-28),,2006,-20.43
Europe (excl. EU-28),,2007,-15.45
Europe (excl. EU-28),,2008,-15.37
Europe (excl. EU-28),,2009,-15.26
Europe (excl. EU-28),,2010,-15.47
Europe (excl. EU-28),,2011,-13.88
Europe (excl. EU-28),,2012,-11.44
Europe (excl. EU-28),,2013,-9.9
Europe (excl. EU-28),,2014,-10.44
Europe (excl. EU-28),,2015,-12.3
Europe (excl. EU-28),,2016,-11.05
Europe (excl. EU-28),,2017,-10.68
Europe (excl. EU-28),,2018,-13.16
Europe (excl. EU-28),,2019,-12.31
Finland,FIN,1990,40.81
Finland,FIN,1991,34.17
Finland,FIN,1992,88.56
Finland,FIN,1993,49.64
Finland,FIN,1994,26.02
Finland,FIN,1995,28.54
Finland,FIN,1996,16.08
Finland,FIN,1997,16.79
Finland,FIN,1998,20.23
Finland,FIN,1999,25.51
Finland,FIN,2000,30.59
Finland,FIN,2001,24.45
Finland,FIN,2002,18.56
Finland,FIN,2003,19.7
Finland,FIN,2004,30.48
Finland,FIN,2005,43.05
Finland,FIN,2006,37.71
Finland,FIN,2007,40.86
Finland,FIN,2008,45.8
Finland,FIN,2009,29.27
Finland,FIN,2010,29.76
Finland,FIN,2011,34.07
Finland,FIN,2012,41.57
Finland,FIN,2013,34.64
Finland,FIN,2014,41.72
Finland,FIN,2015,47.54
Finland,FIN,2016,38.97
Finland,FIN,2017,43.09
Finland,FIN,2018,47.64
Finland,FIN,2019,46.81
France,FRA,1990,24.89
France,FRA,1991,20.5
France,FRA,1992,32.98
France,FRA,1993,29.31
France,FRA,1994,28.5
France,FRA,1995,29.33
France,FRA,1996,25.23
France,FRA,1997,24.01
France,FRA,1998,23.52
France,FRA,1999,24.46
France,FRA,2000,28.35
France,FRA,2001,26.06
France,FRA,2002,27.67
France,FRA,2003,26.19
France,FRA,2004,32.1
France,FRA,2005,30.49
France,FRA,2006,31.03
France,FRA,2007,39.03
France,FRA,2008,38.8
France,FRA,2009,36.47
France,FRA,2010,34.71
France,FRA,2011,50.05
France,FRA,2012,33.64
France,FRA,2013,30.69
France,FRA,2014,35.29
France,FRA,2015,31.65
France,FRA,2016,29.34
France,FRA,2017,30.8
France,FRA,2018,34.8
France,FRA,2019,33.64
Georgia,GEO,1990,-37.56
Georgia,GEO,1991,-28.27
Georgia,GEO,1992,-37.97
Georgia,GEO,1993,-18.59
Georgia,GEO,1994,-19.05
Georgia,GEO,1995,-1.46
Georgia,GEO,1996,102.6
Georgia,GEO,1997,57.8
Georgia,GEO,1998,52.92
Georgia,GEO,1999,39.36
Georgia,GEO,2000,24.04
Georgia,GEO,2001,44.8
Georgia,GEO,2002,48.71
Georgia,GEO,2003,53.91
Georgia,GEO,2004,57.23
Georgia,GEO,2005,53.45
Georgia,GEO,2006,47.07
Georgia,GEO,2007,50.31
Georgia,GEO,2008,72.18
Georgia,GEO,2009,25.61
Georgia,GEO,2010,32.43
Georgia,GEO,2011,19.84
Georgia,GEO,2012,28.46
Georgia,GEO,2013,32.66
Georgia,GEO,2014,26.88
Georgia,GEO,2015,17.84
Georgia,GEO,2016,14.74
Georgia,GEO,2017,11.52
Georgia,GEO,2018,12.2
Georgia,GEO,2019,1.2
Germany,DEU,1990,13.04
Germany,DEU,1991,12.3
Germany,DEU,1992,24.09
Germany,DEU,1993,20.68
Germany,DEU,1994,20.01
Germany,DEU,1995,20.92
Germany,DEU,1996,16.53
Germany,DEU,1997,15.35
Germany,DEU,1998,16.86
Germany,DEU,1999,21.4
Germany,DEU,2000,21.41
Germany,DEU,2001,18.64
Germany,DEU,2002,17.56
Germany,DEU,2003,18.21
Germany,DEU,2004,20.63
Germany,DEU,2005,21.15
Germany,DEU,2006,22.81
Germany,DEU,2007,19.97
Germany,DEU,2008,18.3
Germany,DEU,2009,17.85
Germany,DEU,2010,17.41
Germany,DEU,2011,20.9
Germany,DEU,2012,13.32
Germany,DEU,2013,10.99
Germany,DEU,2014,12.15
Germany,DEU,2015,10.05
Germany,DEU,2016,9.14
Germany,DEU,2017,11.01
Germany,DEU,2018,14.29
Germany,DEU,2019,15.93
Ghana,GHA,1990,27.58
Ghana,GHA,1991,25.25
Ghana,GHA,1992,30.75
Ghana,GHA,1993,25.52
Ghana,GHA,1994,22.1
Ghana,GHA,1995,23.4
Ghana,GHA,1996,37.33
Ghana,GHA,1997,42.56
Ghana,GHA,1998,39.25
Ghana,GHA,1999,46.57
Ghana,GHA,2000,46.24
Ghana,GHA,2001,41.56
Ghana,GHA,2002,34.72
Ghana,GHA,2003,45.62
Ghana,GHA,2004,66.43
Ghana,GHA,2005,80.63
Ghana,GHA,2006,51.94
Ghana,GHA,2007,56.34
Ghana,GHA,2008,67.53
Ghana,GHA,2009,71.91
Ghana,GHA,2010,52.09
Ghana,GHA,2011,63.62
Ghana,GHA,2012,56.63
Ghana,GHA,2013,48.38
Ghana,GHA,2014,42.34
Ghana,GHA,2015,28.45
Ghana,GHA,2016,24.67
Ghana,GHA,2017,32.68
Ghana,GHA,2018,24.57
Ghana,GHA,2019,21.5
Greece,GRC,1990,15.17
Greece,GRC,1991,14.12
Greece,GRC,1992,22.31
Greece,GRC,1993,17.35
Greece,GRC,1994,14.45
Greece,GRC,1995,15.23
Greece,GRC,1996,10.55
Greece,GRC,1997,6.72
Greece,GRC,1998,9.16
Greece,GRC,1999,5.74
Greece,GRC,2000,5.72
Greece,GRC,2001,4.07
Greece,GRC,2002,6.95
Greece,GRC,2003,-10.13
Greece,GRC,2004,-12.54
Greece,GRC,2005,-14.75
Greece,GRC,2006,-9.97
Greece,GRC,2007,-13.82
Greece,GRC,2008,-10.36
Greece,GRC,2009,6.7
Greece,GRC,2010,0.38
Greece,GRC,2011,-8.34
Greece,GRC,2012,-11.73
Greece,GRC,2013,-14.72
Greece,GRC,2014,-16.58
Greece,GRC,2015,-15.62
Greece,GRC,2016,-14.02
Greece,GRC,2017,-17.99
Greece,GRC,2018,-18.84
Greece,GRC,2019,-18.23
Guatemala,GTM,1990,35.11
Guatemala,GTM,1991,36.09
Guatemala,GTM,1992,35.72
Guatemala,GTM,1993,34.91
Guatemala,GTM,1994,26.9
Guatemala,GTM,1995,28.33
Guatemala,GTM,1996,32.29
Guatemala,GTM,1997,35.19
Guatemala,GTM,1998,39.03
Guatemala,GTM,1999,38.21
Guatemala,GTM,2000,32.52
Guatemala,GTM,2001,36.08
Guatemala,GTM,2002,47.3
Guatemala,GTM,2003,33.38
Guatemala,GTM,2004,31.02
Guatemala,GTM,2005,34.92
Guatemala,GTM,2006,38.66
Guatemala,GTM,2007,38.76
Guatemala,GTM,2008,48.54
Guatemala,GTM,2009,34.93
Guatemala,GTM,2010,43.92
Guatemala,GTM,2011,55.58
Guatemala,GTM,2012,56.08
Guatemala,GTM,2013,47.73
Guatemala,GTM,2014,42.06
Guatemala,GTM,2015,32.47
Guatemala,GTM,2016,27.65
Guatemala,GTM,2017,27.36
Guatemala,GTM,2018,25.97
Guatemala,GTM,2019,19.11
Guinea,GIN,1990,0
Guinea,GIN,1991,0
Guinea,GIN,1992,0
Guinea,GIN,1993,0
Guinea,GIN,1994,0
Guinea,GIN,1995,0
Guinea,GIN,1996,0
Guinea,GIN,1997,0
Guinea,GIN,1998,0
Guinea,GIN,1999,0
Guinea,GIN,2000,0
Guinea,GIN,2001,0
Guinea,GIN,2002,0
Guinea,GIN,2003,0
Guinea,GIN,2004,0
Guinea,GIN,2005,0
Guinea,GIN,2006,0
Guinea,GIN,2007,0
Guinea,GIN,2008,0
Guinea,GIN,2009,0
Guinea,GIN,2010,0
Guinea,GIN,2011,0
Guinea,GIN,2012,0
Guinea,GIN,2013,0
Guinea,GIN,2014,0
Guinea,GIN,2015,0
Guinea,GIN,2016,0
Guinea,GIN,2017,0
Guinea,GIN,2018,0
Guinea,GIN,2019,0
Honduras,HND,1990,33.26
Honduras,HND,1991,34.83
Honduras,HND,1992,37.21
Honduras,HND,1993,30.47
Honduras,HND,1994,23.51
Honduras,HND,1995,15.12
Honduras,HND,1996,22.63
Honduras,HND,1997,34.88
Honduras,HND,1998,29.62
Honduras,HND,1999,46.13
Honduras,HND,2000,54.53
Honduras,HND,2001,48.15
Honduras,HND,2002,63.42
Honduras,HND,2003,38.04
Honduras,HND,2004,26.55
Honduras,HND,2005,37.68
Honduras,HND,2006,27.33
Honduras,HND,2007,29.15
Honduras,HND,2008,27.24
Honduras,HND,2009,24.07
Honduras,HND,2010,29.14
Honduras,HND,2011,17.88
Honduras,HND,2012,33.29
Honduras,HND,2013,27.14
Honduras,HND,2014,26.62
Honduras,HND,2015,21.75
Honduras,HND,2016,22.8
Honduras,HND,2017,25.25
Honduras,HND,2018,22.33
Honduras,HND,2019,18.6
Hong Kong,HKG,1990,223.02
Hong Kong,HKG,1991,229.75
Hong Kong,HKG,1992,209.94
Hong Kong,HKG,1993,181.55
Hong Kong,HKG,1994,300.42
Hong Kong,HKG,1995,315.73
Hong Kong,HKG,1996,337.72
Hong Kong,HKG,1997,366.15
Hong Kong,HKG,1998,207.01
Hong Kong,HKG,1999,148.79
Hong Kong,HKG,2000,177.21
Hong Kong,HKG,2001,208.58
Hong Kong,HKG,2002,162.63
Hong Kong,HKG,2003,125.29
Hong Kong,HKG,2004,110.53
Hong Kong,HKG,2005,122.72
Hong Kong,HKG,2006,143.45
Hong Kong,HKG,2007,98.51
Hong Kong,HKG,2008,121.28
Hong Kong,HKG,2009,104.6
Hong Kong,HKG,2010,127.68
Hong Kong,HKG,2011,90.16
Hong Kong,HKG,2012,163.69
Hong Kong,HKG,2013,166.98
Hong Kong,HKG,2014,156.55
Hong Kong,HKG,2015,159.44
Hong Kong,HKG,2016,141.63
Hong Kong,HKG,2017,150.67
Hong Kong,HKG,2018,154.79
Hong Kong,HKG,2019,158.98
Hungary,HUN,1990,22.23
Hungary,HUN,1991,17.5
Hungary,HUN,1992,48.18
Hungary,HUN,1993,34.03
Hungary,HUN,1994,26.1
Hungary,HUN,1995,21.21
Hungary,HUN,1996,10.55
Hungary,HUN,1997,11.5
Hungary,HUN,1998,14.34
Hungary,HUN,1999,15.22
Hungary,HUN,2000,20.18
Hungary,HUN,2001,20.41
Hungary,HUN,2002,29.36
Hungary,HUN,2003,31.94
Hungary,HUN,2004,29.43
Hungary,HUN,2005,29.05
Hungary,HUN,2006,38.85
Hungary,HUN,2007,38.74
Hungary,HUN,2008,42.18
Hungary,HUN,2009,31.34
Hungary,HUN,2010,33.52
Hungary,HUN,2011,37.45
Hungary,HUN,2012,36.35
Hungary,HUN,2013,42.74
Hungary,HUN,2014,41.28
Hungary,HUN,2015,36.11
Hungary,HUN,2016,33.62
Hungary,HUN,2017,32.39
Hungary,HUN,2018,35.76
Hungary,HUN,2019,33.37
India,IND,1990,-0.1
India,IND,1991,-2.71
India,IND,1992,-1.13
India,IND,1993,-3.53
India,IND,1994,-4.13
India,IND,1995,-5.24
India,IND,1996,-6.74
India,IND,1997,-6.31
India,IND,1998,-6.31
India,IND,1999,-4.81
India,IND,2000,-8.37
India,IND,2001,-7.21
India,IND,2002,-8.09
India,IND,2003,-6.53
India,IND,2004,-6.35
India,IND,2005,-7.6
India,IND,2006,-6.33
India,IND,2007,-5.95
India,IND,2008,-6.76
India,IND,2009,-4.53
India,IND,2010,-5.32
India,IND,2011,-6.52
India,IND,2012,-7.19
India,IND,2013,-10.23
India,IND,2014,-9.36
India,IND,2015,-8.39
India,IND,2016,-8.55
India,IND,2017,-7.83
India,IND,2018,-9.1
India,IND,2019,-8.21
Indonesia,IDN,1990,-4.44
Indonesia,IDN,1991,-8.49
Indonesia,IDN,1992,-7.33
Indonesia,IDN,1993,-9.65
Indonesia,IDN,1994,-8.87
Indonesia,IDN,1995,-8.01
Indonesia,IDN,1996,-9.16
Indonesia,IDN,1997,-11.42
Indonesia,IDN,1998,-34.96
Indonesia,IDN,1999,-13.31
Indonesia,IDN,2000,-13.51
Indonesia,IDN,2001,-14.69
Indonesia,IDN,2002,-8.65
Indonesia,IDN,2003,-8.09
Indonesia,IDN,2004,-8.74
Indonesia,IDN,2005,-8.03
Indonesia,IDN,2006,-5.05
Indonesia,IDN,2007,-4.64
Indonesia,IDN,2008,0.7
Indonesia,IDN,2009,0.49
Indonesia,IDN,2010,0.42
Indonesia,IDN,2011,0.17
Indonesia,IDN,2012,3.66
Indonesia,IDN,2013,4.87
Indonesia,IDN,2014,4.83
Indonesia,IDN,2015,3.38
Indonesia,IDN,2016,3.35
Indonesia,IDN,2017,2.61
Indonesia,IDN,2018,1.77
Indonesia,IDN,2019,1.93
Iran,IRN,1990,-3.61
Iran,IRN,1991,-3.81
Iran,IRN,1992,-3.32
Iran,IRN,1993,-9.37
Iran,IRN,1994,-11.05
Iran,IRN,1995,-7.9
Iran,IRN,1996,-4.37
Iran,IRN,1997,-0.16
Iran,IRN,1998,0.83
Iran,IRN,1999,-13.05
Iran,IRN,2000,-13.6
Iran,IRN,2001,-11.85
Iran,IRN,2002,-14.32
Iran,IRN,2003,-2.33
Iran,IRN,2004,-3.91
Iran,IRN,2005,-6.4
Iran,IRN,2006,-6.94
Iran,IRN,2007,-3.04
Iran,IRN,2008,-4.64
Iran,IRN,2009,-5.76
Iran,IRN,2010,-3.33
Iran,IRN,2011,-4.54
Iran,IRN,2012,-7.47
Iran,IRN,2013,-9.38
Iran,IRN,2014,-7.56
Iran,IRN,2015,-6.03
Iran,IRN,2016,-7.83
Iran,IRN,2017,-9.65
Iran,IRN,2018,-8.62
Iran,IRN,2019,-1.15
Ireland,IRL,1990,19.72
Ireland,IRL,1991,21.64
Ireland,IRL,1992,26.56
Ireland,IRL,1993,19.27
Ireland,IRL,1994,17.42
Ireland,IRL,1995,16.66
Ireland,IRL,1996,31.17
Ireland,IRL,1997,25.3
Ireland,IRL,1998,19.79
Ireland,IRL,1999,27.8
Ireland,IRL,2000,23.43
Ireland,IRL,2001,19.2
Ireland,IRL,2002,25.14
Ireland,IRL,2003,39.23
Ireland,IRL,2004,45.41
Ireland,IRL,2005,47.04
Ireland,IRL,2006,47.99
Ireland,IRL,2007,45.4
Ireland,IRL,2008,33.59
Ireland,IRL,2009,23.2
Ireland,IRL,2010,16.31
Ireland,IRL,2011,23.43
Ireland,IRL,2012,19.93
Ireland,IRL,2013,21.18
Ireland,IRL,2014,18.04
Ireland,IRL,2015,7.4
Ireland,IRL,2016,6.07
Ireland,IRL,2017,8.11
Ireland,IRL,2018,7.24
Ireland,IRL,2019,10.62
Israel,ISR,1990,38.72
Israel,ISR,1991,38.79
Israel,ISR,1992,38.08
Israel,ISR,1993,31.9
Israel,ISR,1994,29.19
Israel,ISR,1995,30.03
Israel,ISR,1996,28.81
Israel,ISR,1997,26.34
Israel,ISR,1998,26.98
Israel,ISR,1999,15.59
Israel,ISR,2000,11.12
Israel,ISR,2001,11.18
Israel,ISR,2002,11.94
Israel,ISR,2003,23.34
Israel,ISR,2004,25.16
Israel,ISR,2005,27.97
Israel,ISR,2006,24.03
Israel,ISR,2007,24.06
Israel,ISR,2008,22.15
Israel,ISR,2009,19.65
Israel,ISR,2010,21.14
Israel,ISR,2011,23.75
Israel,ISR,2012,20.87
Israel,ISR,2013,27.07
Israel,ISR,2014,30.06
Israel,ISR,2015,25.57
Israel,ISR,2016,26.12
Israel,ISR,2017,30.15
Israel,ISR,2018,30.87
Israel,ISR,2019,27.64
Italy,ITA,1990,28.06
Italy,ITA,1991,27.07
Italy,ITA,1992,38.59
Italy,ITA,1993,29
Italy,ITA,1994,26.72
Italy,ITA,1995,24.34
Italy,ITA,1996,18.65
Italy,ITA,1997,18.62
Italy,ITA,1998,17.98
Italy,ITA,1999,20.4
Italy,ITA,2000,24.25
Italy,ITA,2001,21.77
Italy,ITA,2002,23.42
Italy,ITA,2003,18.81
Italy,ITA,2004,22.35
Italy,ITA,2005,21.99
Italy,ITA,2006,27.52
Italy,ITA,2007,27.46
Italy,ITA,2008,30.27
Italy,ITA,2009,29.53
Italy,ITA,2010,32.82
Italy,ITA,2011,36.51
Italy,ITA,2012,29.38
Italy,ITA,2013,30.44
Italy,ITA,2014,33.21
Italy,ITA,2015,27.99
Italy,ITA,2016,27.14
Italy,ITA,2017,29.94
Italy,ITA,2018,33.65
Italy,ITA,2019,32.48
Jamaica,JAM,1990,-1.75
Jamaica,JAM,1991,-4.85
Jamaica,JAM,1992,-8.59
Jamaica,JAM,1993,-3.29
Jamaica,JAM,1994,-7.52
Jamaica,JAM,1995,-5.4
Jamaica,JAM,1996,-25.17
Jamaica,JAM,1997,-21.45
Jamaica,JAM,1998,2.13
Jamaica,JAM,1999,-3.03
Jamaica,JAM,2000,-27.48
Jamaica,JAM,2001,-2.49
Jamaica,JAM,2002,-19.3
Jamaica,JAM,2003,-0.33
Jamaica,JAM,2004,7.6
Jamaica,JAM,2005,19.79
Jamaica,JAM,2006,25.55
Jamaica,JAM,2007,34.69
Jamaica,JAM,2008,30.91
Jamaica,JAM,2009,11.8
Jamaica,JAM,2010,24.85
Jamaica,JAM,2011,33.71
Jamaica,JAM,2012,33.84
Jamaica,JAM,2013,29.36
Jamaica,JAM,2014,29.85
Jamaica,JAM,2015,19.29
Jamaica,JAM,2016,9.45
Jamaica,JAM,2017,11.15
Jamaica,JAM,2018,7.17
Jamaica,JAM,2019,4.28
Japan,JPN,1990,14.16
Japan,JPN,1991,14.62
Japan,JPN,1992,21.11
Japan,JPN,1993,19.37
Japan,JPN,1994,19.8
Japan,JPN,1995,21.19
Japan,JPN,1996,19.32
Japan,JPN,1997,17.93
Japan,JPN,1998,13.88
Japan,JPN,1999,17.46
Japan,JPN,2000,21.14
Japan,JPN,2001,18.93
Japan,JPN,2002,17.11
Japan,JPN,2003,17.49
Japan,JPN,2004,17.67
Japan,JPN,2005,18.2
Japan,JPN,2006,18.45
Japan,JPN,2007,16.42
Japan,JPN,2008,20.67
Japan,JPN,2009,17.19
Japan,JPN,2010,17.84
Japan,JPN,2011,20.47
Japan,JPN,2012,19.43
Japan,JPN,2013,15.31
Japan,JPN,2014,14.62
Japan,JPN,2015,13.16
Japan,JPN,2016,13.38
Japan,JPN,2017,13.46
Japan,JPN,2018,15.47
Japan,JPN,2019,16.47
Jordan,JOR,1990,52.01
Jordan,JOR,1991,44.42
Jordan,JOR,1992,41.33
Jordan,JOR,1993,38.16
Jordan,JOR,1994,34.12
Jordan,JOR,1995,37.55
Jordan,JOR,1996,8.6
Jordan,JOR,1997,23.37
Jordan,JOR,1998,25.55
Jordan,JOR,1999,18.5
Jordan,JOR,2000,10.92
Jordan,JOR,2001,27.55
Jordan,JOR,2002,32.84
Jordan,JOR,2003,27.34
Jordan,JOR,2004,31.63
Jordan,JOR,2005,32.27
Jordan,JOR,2006,27.32
Jordan,JOR,2007,21.31
Jordan,JOR,2008,32.52
Jordan,JOR,2009,38.85
Jordan,JOR,2010,33.25
Jordan,JOR,2011,33.39
Jordan,JOR,2012,17.01
Jordan,JOR,2013,41.6
Jordan,JOR,2014,34.07
Jordan,JOR,2015,32.26
Jordan,JOR,2016,32.89
Jordan,JOR,2017,33.97
Jordan,JOR,2018,37.37
Jordan,JOR,2019,32.49
Kazakhstan,KAZ,1990,3.47
Kazakhstan,KAZ,1991,-20.84
Kazakhstan,KAZ,1992,-46.11
Kazakhstan,KAZ,1993,-21.49
Kazakhstan,KAZ,1994,-19.4
Kazakhstan,KAZ,1995,-23.38
Kazakhstan,KAZ,1996,-25.8
Kazakhstan,KAZ,1997,-26.85
Kazakhstan,KAZ,1998,-21.47
Kazakhstan,KAZ,1999,-17.79
Kazakhstan,KAZ,2000,-25.45
Kazakhstan,KAZ,2001,-17.93
Kazakhstan,KAZ,2002,-21.66
Kazakhstan,KAZ,2003,-24.24
Kazakhstan,KAZ,2004,-25.91
Kazakhstan,KAZ,2005,-23.23
Kazakhstan,KAZ,2006,-16.99
Kazakhstan,KAZ,2007,-15.77
Kazakhstan,KAZ,2008,-20.8
Kazakhstan,KAZ,2009,-24.7
Kazakhstan,KAZ,2010,-36.76
Kazakhstan,KAZ,2011,-38.23
Kazakhstan,KAZ,2012,-28.49
Kazakhstan,KAZ,2013,-23.03
Kazakhstan,KAZ,2014,-24.78
Kazakhstan,KAZ,2015,-14.87
Kazakhstan,KAZ,2016,-18.59
Kazakhstan,KAZ,2017,-20.38
Kazakhstan,KAZ,2018,-24.52
Kazakhstan,KAZ,2019,-22.73
Kenya,KEN,1990,39.99
Kenya,KEN,1991,51.76
Kenya,KEN,1992,53.13
Kenya,KEN,1993,38.32
Kenya,KEN,1994,38.97
Kenya,KEN,1995,37.1
Kenya,KEN,1996,2.43
Kenya,KEN,1997,12.35
Kenya,KEN,1998,31.2
Kenya,KEN,1999,13.47
Kenya,KEN,2000,-1.85
Kenya,KEN,2001,12.46
Kenya,KEN,2002,-6.76
Kenya,KEN,2003,43.83
Kenya,KEN,2004,42.77
Kenya,KEN,2005,47.05
Kenya,KEN,2006,50.46
Kenya,KEN,2007,51.55
Kenya,KEN,2008,52.92
Kenya,KEN,2009,54.08
Kenya,KEN,2010,52.41
Kenya,KEN,2011,51.5
Kenya,KEN,2012,65.08
Kenya,KEN,2013,84.26
Kenya,KEN,2014,74.97
Kenya,KEN,2015,56.32
Kenya,KEN,2016,52.11
Kenya,KEN,2017,58.32
Kenya,KEN,2018,55.28
Kenya,KEN,2019,52.83
Kuwait,KWT,1990,3.61
Kuwait,KWT,1991,50.82
Kuwait,KWT,1992,13.37
Kuwait,KWT,1993,-1.9
Kuwait,KWT,1994,-4.44
Kuwait,KWT,1995,-4.82
Kuwait,KWT,1996,-11.91
Kuwait,KWT,1997,-12.29
Kuwait,KWT,1998,3.66
Kuwait,KWT,1999,-18.65
Kuwait,KWT,2000,-42.69
Kuwait,KWT,2001,-31.93
Kuwait,KWT,2002,-27.61
Kuwait,KWT,2003,-13.25
Kuwait,KWT,2004,-15.22
Kuwait,KWT,2005,-18.49
Kuwait,KWT,2006,-15.21
Kuwait,KWT,2007,-8.25
Kuwait,KWT,2008,-10.66
Kuwait,KWT,2009,-16.49
Kuwait,KWT,2010,-16.13
Kuwait,KWT,2011,-18.32
Kuwait,KWT,2012,-24.72
Kuwait,KWT,2013,-11.26
Kuwait,KWT,2014,-8.46
Kuwait,KWT,2015,-5.63
Kuwait,KWT,2016,-5.04
Kuwait,KWT,2017,-5.52
Kuwait,KWT,2018,-7.94
Kuwait,KWT,2019,-7.2
Kyrgyzstan,KGZ,1990,-0.06
Kyrgyzstan,KGZ,1991,6.17
Kyrgyzstan,KGZ,1992,56.67
Kyrgyzstan,KGZ,1993,48.93
Kyrgyzstan,KGZ,1994,62.9
Kyrgyzstan,KGZ,1995,119.25
Kyrgyzstan,KGZ,1996,49.61
Kyrgyzstan,KGZ,1997,-1.6
Kyrgyzstan,KGZ,1998,68.53
Kyrgyzstan,KGZ,1999,20.99
Kyrgyzstan,KGZ,2000,4.61
Kyrgyzstan,KGZ,2001,3.31
Kyrgyzstan,KGZ,2002,-6.09
Kyrgyzstan,KGZ,2003,12.65
Kyrgyzstan,KGZ,2004,14.92
Kyrgyzstan,KGZ,2005,44.8
Kyrgyzstan,KGZ,2006,96.12
Kyrgyzstan,KGZ,2007,13.9
Kyrgyzstan,KGZ,2008,6.18
Kyrgyzstan,KGZ,2009,89.53
Kyrgyzstan,KGZ,2010,88.36
Kyrgyzstan,KGZ,2011,74.32
Kyrgyzstan,KGZ,2012,59.78
Kyrgyzstan,KGZ,2013,65.16
Kyrgyzstan,KGZ,2014,63.46
Kyrgyzstan,KGZ,2015,57.34
Kyrgyzstan,KGZ,2016,56.57
Kyrgyzstan,KGZ,2017,63.1
Kyrgyzstan,KGZ,2018,53.15
Kyrgyzstan,KGZ,2019,51.87
Laos,LAO,1990,60.96
Laos,LAO,1991,62.97
Laos,LAO,1992,59.58
Laos,LAO,1993,60.04
Laos,LAO,1994,68.34
Laos,LAO,1995,77.32
Laos,LAO,1996,65.59
Laos,LAO,1997,54.58
Laos,LAO,1998,55.45
Laos,LAO,1999,45.62
Laos,LAO,2000,99.67
Laos,LAO,2001,51.7
Laos,LAO,2002,57.1
Laos,LAO,2003,46.8
Laos,LAO,2004,46.91
Laos,LAO,2005,46.38
Laos,LAO,2006,44.94
Laos,LAO,2007,50.6
Laos,LAO,2008,52.1
Laos,LAO,2009,49
Laos,LAO,2010,46.43
Laos,LAO,2011,61.44
Laos,LAO,2012,73.52
Laos,LAO,2013,82.79
Laos,LAO,2014,75.77
Laos,LAO,2015,25.26
Laos,LAO,2016,5.33
Laos,LAO,2017,-1.2
Laos,LAO,2018,-1.59
Laos,LAO,2019,-11.69
Latvia,LVA,1990,8.02
Latvia,LVA,1991,9.18
Latvia,LVA,1992,26.62
Latvia,LVA,1993,19.82
Latvia,LVA,1994,29.62
Latvia,LVA,1995,36.58
Latvia,LVA,1996,53.4
Latvia,LVA,1997,57.57
Latvia,LVA,1998,62.98
Latvia,LVA,1999,61.97
Latvia,LVA,2000,77.3
Latvia,LVA,2001,65.26
Latvia,LVA,2002,55.61
Latvia,LVA,2003,87.99
Latvia,LVA,2004,83.95
Latvia,LVA,2005,68.42
Latvia,LVA,2006,83.39
Latvia,LVA,2007,95.89
Latvia,LVA,2008,99.36
Latvia,LVA,2009,74.94
Latvia,LVA,2010,55.16
Latvia,LVA,2011,66.9
Latvia,LVA,2012,76.39
Latvia,LVA,2013,72.33
Latvia,LVA,2014,73.11
Latvia,LVA,2015,69.11
Latvia,LVA,2016,67.65
Latvia,LVA,2017,71.17
Latvia,LVA,2018,68.83
Latvia,LVA,2019,64.82
Lithuania,LTU,1990,18.59
Lithuania,LTU,1991,18.97
Lithuania,LTU,1992,139.57
Lithuania,LTU,1993,91.11
Lithuania,LTU,1994,75.29
Lithuania,LTU,1995,80.16
Lithuania,LTU,1996,40.59
Lithuania,LTU,1997,40.13
Lithuania,LTU,1998,37.38
Lithuania,LTU,1999,45.06
Lithuania,LTU,2000,52.48
Lithuania,LTU,2001,37.88
Lithuania,LTU,2002,63.21
Lithuania,LTU,2003,57.72
Lithuania,LTU,2004,47.44
Lithuania,LTU,2005,41.72
Lithuania,LTU,2006,60.87
Lithuania,LTU,2007,53.56
Lithuania,LTU,2008,52.89
Lithuania,LTU,2009,51.62
Lithuania,LTU,2010,42.83
Lithuania,LTU,2011,61.9
Lithuania,LTU,2012,49.87
Lithuania,LTU,2013,57.48
Lithuania,LTU,2014,62.11
Lithuania,LTU,2015,62.79
Lithuania,LTU,2016,59.74
Lithuania,LTU,2017,58.43
Lithuania,LTU,2018,65.97
Lithuania,LTU,2019,55.31
Luxembourg,LUX,1990,0
Luxembourg,LUX,1991,0
Luxembourg,LUX,1992,0
Luxembourg,LUX,1993,0
Luxembourg,LUX,1994,0
Luxembourg,LUX,1995,0
Luxembourg,LUX,1996,0
Luxembourg,LUX,1997,0
Luxembourg,LUX,1998,0
Luxembourg,LUX,1999,5.68
Luxembourg,LUX,2000,-11.45
Luxembourg,LUX,2001,-9.3
Luxembourg,LUX,2002,-9.6
Luxembourg,LUX,2003,5.05
Luxembourg,LUX,2004,11.34
Luxembourg,LUX,2005,20.44
Luxembourg,LUX,2006,44.7
Luxembourg,LUX,2007,-2.76
Luxembourg,LUX,2008,132.15
Luxembourg,LUX,2009,147.68
Luxembourg,LUX,2010,124.87
Luxembourg,LUX,2011,-4.68
Luxembourg,LUX,2012,129.9
Luxembourg,LUX,2013,135.83
Luxembourg,LUX,2014,136.64
Luxembourg,LUX,2015,153.02
Luxembourg,LUX,2016,150.99
Luxembourg,LUX,2017,150.03
Luxembourg,LUX,2018,142.63
Luxembourg,LUX,2019,130.05
Madagascar,MDG,1990,43.21
Madagascar,MDG,1991,38.91
Madagascar,MDG,1992,43.09
Madagascar,MDG,1993,46.23
Madagascar,MDG,1994,36.07
Madagascar,MDG,1995,34.73
Madagascar,MDG,1996,12.35
Madagascar,MDG,1997,10.77
Madagascar,MDG,1998,32.6
Madagascar,MDG,1999,40.51
Madagascar,MDG,2000,20.87
Madagascar,MDG,2001,32.81
Madagascar,MDG,2002,35.65
Madagascar,MDG,2003,75.52
Madagascar,MDG,2004,36.31
Madagascar,MDG,2005,91.81
Madagascar,MDG,2006,70.09
Madagascar,MDG,2007,87.13
Madagascar,MDG,2008,125.1
Madagascar,MDG,2009,116.6
Madagascar,MDG,2010,81.97
Madagascar,MDG,2011,54.3
Madagascar,MDG,2012,59.17
Madagascar,MDG,2013,52.7
Madagascar,MDG,2014,49
Madagascar,MDG,2015,44.02
Madagascar,MDG,2016,41.22
Madagascar,MDG,2017,26.63
Madagascar,MDG,2018,27.71
Madagascar,MDG,2019,31.04
Malawi,MWI,1990,105.16
Malawi,MWI,1991,96.52
Malawi,MWI,1992,95.94
Malawi,MWI,1993,95.3
Malawi,MWI,1994,94.22
Malawi,MWI,1995,99.96
Malawi,MWI,1996,130.37
Malawi,MWI,1997,119.65
Malawi,MWI,1998,117.15
Malawi,MWI,1999,113.41
Malawi,MWI,2000,103.84
Malawi,MWI,2001,117.53
Malawi,MWI,2002,139.08
Malawi,MWI,2003,113.64
Malawi,MWI,2004,102.88
Malawi,MWI,2005,114.93
Malawi,MWI,2006,112.16
Malawi,MWI,2007,101.08
Malawi,MWI,2008,120.64
Malawi,MWI,2009,144.9
Malawi,MWI,2010,163.71
Malawi,MWI,2011,125.26
Malawi,MWI,2012,91.82
Malawi,MWI,2013,158.41
Malawi,MWI,2014,183.74
Malawi,MWI,2015,153.74
Malawi,MWI,2016,130.66
Malawi,MWI,2017,123.71
Malawi,MWI,2018,113.58
Malawi,MWI,2019,110.17
Malaysia,MYS,1990,21.29
Malaysia,MYS,1991,10.44
Malaysia,MYS,1992,11.36
Malaysia,MYS,1993,0.13
Malaysia,MYS,1994,-2.52
Malaysia,MYS,1995,-12.18
Malaysia,MYS,1996,-10.11
Malaysia,MYS,1997,-6.82
Malaysia,MYS,1998,-29.82
Malaysia,MYS,1999,-11.99
Malaysia,MYS,2000,-11.74
Malaysia,MYS,2001,-13.47
Malaysia,MYS,2002,-6.12
Malaysia,MYS,2003,-15.2
Malaysia,MYS,2004,-17.12
Malaysia,MYS,2005,-16.82
Malaysia,MYS,2006,-14.72
Malaysia,MYS,2007,-13.66
Malaysia,MYS,2008,-12.58
Malaysia,MYS,2009,-15.46
Malaysia,MYS,2010,-11.05
Malaysia,MYS,2011,-9.19
Malaysia,MYS,2012,-1.02
Malaysia,MYS,2013,-0.07
Malaysia,MYS,2014,-0.61
Malaysia,MYS,2015,1.89
Malaysia,MYS,2016,-2.67
Malaysia,MYS,2017,-3.11
Malaysia,MYS,2018,-4.14
Malaysia,MYS,2019,-4.51
Malta,MLT,1990,39.22
Malta,MLT,1991,42.16
Malta,MLT,1992,48.48
Malta,MLT,1993,27.92
Malta,MLT,1994,35.4
Malta,MLT,1995,48.81
Malta,MLT,1996,46.58
Malta,MLT,1997,36.81
Malta,MLT,1998,82.14
Malta,MLT,1999,57.55
Malta,MLT,2000,83.83
Malta,MLT,2001,77.08
Malta,MLT,2002,46.58
Malta,MLT,2003,76.87
Malta,MLT,2004,25.71
Malta,MLT,2005,64.56
Malta,MLT,2006,94.05
Malta,MLT,2007,37.49
Malta,MLT,2008,119.45
Malta,MLT,2009,128.08
Malta,MLT,2010,111.01
Malta,MLT,2011,140.03
Malta,MLT,2012,174.61
Malta,MLT,2013,127.17
Malta,MLT,2014,125.65
Malta,MLT,2015,197.09
Malta,MLT,2016,247.02
Malta,MLT,2017,228.62
Malta,MLT,2018,247.83
Malta,MLT,2019,215.09
Mauritius,MUS,1990,75.14
Mauritius,MUS,1991,77.02
Mauritius,MUS,1992,74.78
Mauritius,MUS,1993,73.65
Mauritius,MUS,1994,89.34
Mauritius,MUS,1995,82.06
Mauritius,MUS,1996,88.76
Mauritius,MUS,1997,83.42
Mauritius,MUS,1998,67.15
Mauritius,MUS,1999,63.46
Mauritius,MUS,2000,63.06
Mauritius,MUS,2001,49.06
Mauritius,MUS,2002,50.08
Mauritius,MUS,2003,53.53
Mauritius,MUS,2004,58.78
Mauritius,MUS,2005,39.41
Mauritius,MUS,2006,42.82
Mauritius,MUS,2007,33.75
Mauritius,MUS,2008,41.35
Mauritius,MUS,2009,36
Mauritius,MUS,2010,29.73
Mauritius,MUS,2011,50.5
Mauritius,MUS,2012,31.69
Mauritius,MUS,2013,31.26
Mauritius,MUS,2014,25.97
Mauritius,MUS,2015,23.39
Mauritius,MUS,2016,23.14
Mauritius,MUS,2017,23.02
Mauritius,MUS,2018,27.79
Mauritius,MUS,2019,29.21
Mexico,MEX,1990,1.29
Mexico,MEX,1991,2.5
Mexico,MEX,1992,3.96
Mexico,MEX,1993,4.17
Mexico,MEX,1994,3.59
Mexico,MEX,1995,-2.74
Mexico,MEX,1996,-1.26
Mexico,MEX,1997,2.94
Mexico,MEX,1998,3.98
Mexico,MEX,1999,5.38
Mexico,MEX,2000,10
Mexico,MEX,2001,8.67
Mexico,MEX,2002,9.15
Mexico,MEX,2003,7.88
Mexico,MEX,2004,5.98
Mexico,MEX,2005,9.16
Mexico,MEX,2006,9.38
Mexico,MEX,2007,4.77
Mexico,MEX,2008,5.23
Mexico,MEX,2009,3.98
Mexico,MEX,2010,7.61
Mexico,MEX,2011,6.24
Mexico,MEX,2012,9.48
Mexico,MEX,2013,10.76
Mexico,MEX,2014,10.65
Mexico,MEX,2015,6.3
Mexico,MEX,2016,2.91
Mexico,MEX,2017,4.31
Mexico,MEX,2018,4.61
Mexico,MEX,2019,4.55
Mongolia,MNG,1990,-8.89
Mongolia,MNG,1991,-26.72
Mongolia,MNG,1992,-15.97
Mongolia,MNG,1993,-33.93
Mongolia,MNG,1994,-25.67
Mongolia,MNG,1995,-24
Mongolia,MNG,1996,-6
Mongolia,MNG,1997,-20.24
Mongolia,MNG,1998,-15.87
Mongolia,MNG,1999,-11.67
Mongolia,MNG,2000,-11.37
Mongolia,MNG,2001,-12.37
Mongolia,MNG,2002,-10.77
Mongolia,MNG,2003,3.19
Mongolia,MNG,2004,-2.38
Mongolia,MNG,2005,1.58
Mongolia,MNG,2006,5.16
Mongolia,MNG,2007,-0.82
Mongolia,MNG,2008,7.45
Mongolia,MNG,2009,5.05
Mongolia,MNG,2010,6.12
Mongolia,MNG,2011,8.01
Mongolia,MNG,2012,0.53
Mongolia,MNG,2013,-3.04
Mongolia,MNG,2014,-3.12
Mongolia,MNG,2015,2.22
Mongolia,MNG,2016,-2.64
Mongolia,MNG,2017,-9.47
Mongolia,MNG,2018,-11.4
Mongolia,MNG,2019,-17.28
Morocco,MAR,1990,39.29
Morocco,MAR,1991,32.49
Morocco,MAR,1992,45.88
Morocco,MAR,1993,32.33
Morocco,MAR,1994,28.41
Morocco,MAR,1995,28.81
Morocco,MAR,1996,13.54
Morocco,MAR,1997,8.52
Morocco,MAR,1998,14.22
Morocco,MAR,1999,20.44
Morocco,MAR,2000,22.58
Morocco,MAR,2001,16.93
Morocco,MAR,2002,26.97
Morocco,MAR,2003,13.74
Morocco,MAR,2004,11.32
Morocco,MAR,2005,13.09
Morocco,MAR,2006,14.29
Morocco,MAR,2007,12.69
Morocco,MAR,2008,16.75
Morocco,MAR,2009,12.1
Morocco,MAR,2010,10.42
Morocco,MAR,2011,13.51
Morocco,MAR,2012,11.63
Morocco,MAR,2013,11.11
Morocco,MAR,2014,9.29
Morocco,MAR,2015,6.45
Morocco,MAR,2016,5.03
Morocco,MAR,2017,4.26
Morocco,MAR,2018,4.5
Morocco,MAR,2019,0.55
Mozambique,MOZ,1990,216.55
Mozambique,MOZ,1991,214.82
Mozambique,MOZ,1992,184.48
Mozambique,MOZ,1993,178.82
Mozambique,MOZ,1994,205.08
Mozambique,MOZ,1995,216.04
Mozambique,MOZ,1996,118.99
Mozambique,MOZ,1997,66.13
Mozambique,MOZ,1998,157.96
Mozambique,MOZ,1999,226.81
Mozambique,MOZ,2000,215.25
Mozambique,MOZ,2001,154.61
Mozambique,MOZ,2002,182.64
Mozambique,MOZ,2003,133.71
Mozambique,MOZ,2004,122.88
Mozambique,MOZ,2005,167.59
Mozambique,MOZ,2006,222.63
Mozambique,MOZ,2007,243.21
Mozambique,MOZ,2008,299.27
Mozambique,MOZ,2009,299.85
Mozambique,MOZ,2010,247.31
Mozambique,MOZ,2011,244.18
Mozambique,MOZ,2012,278.38
Mozambique,MOZ,2013,303.96
Mozambique,MOZ,2014,131.67
Mozambique,MOZ,2015,154.64
Mozambique,MOZ,2016,116.12
Mozambique,MOZ,2017,108.34
Mozambique,MOZ,2018,138.2
Mozambique,MOZ,2019,131.71
Namibia,NAM,1991,0
Namibia,NAM,1992,0
Namibia,NAM,1993,0
Namibia,NAM,1994,0
Namibia,NAM,1995,0
Namibia,NAM,1996,0
Namibia,NAM,1997,0
Namibia,NAM,1998,0
Namibia,NAM,1999,0
Namibia,NAM,2000,201.94
Namibia,NAM,2001,173.61
Namibia,NAM,2002,-15.34
Namibia,NAM,2003,120.95
Namibia,NAM,2004,170.98
Namibia,NAM,2005,126.52
Namibia,NAM,2006,130.43
Namibia,NAM,2007,160.28
Namibia,NAM,2008,120.72
Namibia,NAM,2009,36.53
Namibia,NAM,2010,27.55
Namibia,NAM,2011,36.85
Namibia,NAM,2012,50.93
Namibia,NAM,2013,203.77
Namibia,NAM,2014,144.61
Namibia,NAM,2015,126.14
Namibia,NAM,2016,124.31
Namibia,NAM,2017,115.94
Namibia,NAM,2018,120.52
Namibia,NAM,2019,122.41
Nepal,NPL,1990,60.3
Nepal,NPL,1991,48.79
Nepal,NPL,1992,40.46
Nepal,NPL,1993,36.99
Nepal,NPL,1994,31.81
Nepal,NPL,1995,21.01
Nepal,NPL,1996,19.54
Nepal,NPL,1997,16.14
Nepal,NPL,1998,86.24
Nepal,NPL,1999,93.37
Nepal,NPL,2000,25.25
Nepal,NPL,2001,22.24
Nepal,NPL,2002,44.6
Nepal,NPL,2003,79.18
Nepal,NPL,2004,65.31
Nepal,NPL,2005,52.71
Nepal,NPL,2006,72.15
Nepal,NPL,2007,79.86
Nepal,NPL,2008,64.33
Nepal,NPL,2009,79.79
Nepal,NPL,2010,98.62
Nepal,NPL,2011,97.52
Nepal,NPL,2012,87.67
Nepal,NPL,2013,105.59
Nepal,NPL,2014,81.26
Nepal,NPL,2015,84.22
Nepal,NPL,2016,56.65
Nepal,NPL,2017,46.08
Nepal,NPL,2018,42.55
Nepal,NPL,2019,30.51
Netherlands,NLD,1990,24.03
Netherlands,NLD,1991,22.7
Netherlands,NLD,1992,39.7
Netherlands,NLD,1993,28.46
Netherlands,NLD,1994,25.59
Netherlands,NLD,1995,26.47
Netherlands,NLD,1996,18.7
Netherlands,NLD,1997,20.25
Netherlands,NLD,1998,22.47
Netherlands,NLD,1999,-15.05
Netherlands,NLD,2000,-16.2
Netherlands,NLD,2001,-20.59
Netherlands,NLD,2002,-13.6
Netherlands,NLD,2003,5.56
Netherlands,NLD,2004,4.92
Netherlands,NLD,2005,8.44
Netherlands,NLD,2006,27.3
Netherlands,NLD,2007,5.42
Netherlands,NLD,2008,4.97
Netherlands,NLD,2009,4.7
Netherlands,NLD,2010,1.57
Netherlands,NLD,2011,0.04
Netherlands,NLD,2012,0.25
Netherlands,NLD,2013,-2.28
Netherlands,NLD,2014,-1
Netherlands,NLD,2015,-5.97
Netherlands,NLD,2016,-8.04
Netherlands,NLD,2017,-7.43
Netherlands,NLD,2018,-4.15
Netherlands,NLD,2019,-3.68
New Zealand,NZL,1990,5.65
New Zealand,NZL,1991,3.56
New Zealand,NZL,1992,1.02
New Zealand,NZL,1993,2.6
New Zealand,NZL,1994,4.94
New Zealand,NZL,1995,8.79
New Zealand,NZL,1996,9.93
New Zealand,NZL,1997,8.73
New Zealand,NZL,1998,4.23
New Zealand,NZL,1999,8.72
New Zealand,NZL,2000,2.4
New Zealand,NZL,2001,-1.46
New Zealand,NZL,2002,2.71
New Zealand,NZL,2003,3.93
New Zealand,NZL,2004,10.02
New Zealand,NZL,2005,11.88
New Zealand,NZL,2006,6.49
New Zealand,NZL,2007,11.04
New Zealand,NZL,2008,9.15
New Zealand,NZL,2009,4.6
New Zealand,NZL,2010,5.44
New Zealand,NZL,2011,10.67
New Zealand,NZL,2012,9.16
New Zealand,NZL,2013,10.31
New Zealand,NZL,2014,10.26
New Zealand,NZL,2015,7.45
New Zealand,NZL,2016,9.99
New Zealand,NZL,2017,8.04
New Zealand,NZL,2018,9.68
New Zealand,NZL,2019,6.92
Nicaragua,NIC,1990,25.3
Nicaragua,NIC,1991,28.12
Nicaragua,NIC,1992,29.96
Nicaragua,NIC,1993,27.8
Nicaragua,NIC,1994,23.51
Nicaragua,NIC,1995,20.42
Nicaragua,NIC,1996,18.86
Nicaragua,NIC,1997,19.74
Nicaragua,NIC,1998,20.26
Nicaragua,NIC,1999,21.56
Nicaragua,NIC,2000,24.29
Nicaragua,NIC,2001,22.31
Nicaragua,NIC,2002,24.94
Nicaragua,NIC,2003,31.25
Nicaragua,NIC,2004,27.15
Nicaragua,NIC,2005,32.67
Nicaragua,NIC,2006,31.9
Nicaragua,NIC,2007,31.95
Nicaragua,NIC,2008,28.59
Nicaragua,NIC,2009,24.75
Nicaragua,NIC,2010,32.28
Nicaragua,NIC,2011,29.66
Nicaragua,NIC,2012,40.07
Nicaragua,NIC,2013,28.26
Nicaragua,NIC,2014,25.71
Nicaragua,NIC,2015,19.9
Nicaragua,NIC,2016,19.34
Nicaragua,NIC,2017,17.37
Nicaragua,NIC,2018,19.53
Nicaragua,NIC,2019,14.61
Nigeria,NGA,1990,-2.57
Nigeria,NGA,1991,-4.82
Nigeria,NGA,1992,-5.07
Nigeria,NGA,1993,-2.2
Nigeria,NGA,1994,5.73
Nigeria,NGA,1995,0.97
Nigeria,NGA,1996,-0.69
Nigeria,NGA,1997,8.78
Nigeria,NGA,1998,13
Nigeria,NGA,1999,-11.5
Nigeria,NGA,2000,-40.73
Nigeria,NGA,2001,-25.67
Nigeria,NGA,2002,-23.62
Nigeria,NGA,2003,-22.11
Nigeria,NGA,2004,-14.43
Nigeria,NGA,2005,-12.77
Nigeria,NGA,2006,-26.04
Nigeria,NGA,2007,-8.3
Nigeria,NGA,2008,-6.46
Nigeria,NGA,2009,8.93
Nigeria,NGA,2010,-15.72
Nigeria,NGA,2011,-22.91
Nigeria,NGA,2012,-27.92
Nigeria,NGA,2013,-2.8
Nigeria,NGA,2014,-5.21
Nigeria,NGA,2015,9.43
Nigeria,NGA,2016,10.13
Nigeria,NGA,2017,4.56
Nigeria,NGA,2018,-1.15
Nigeria,NGA,2019,0.21
North America,,1990,-1.55
North America,,1991,-1.78
North America,,1992,-0.3
North America,,1993,-1.16
North America,,1994,-1.17
North America,,1995,-1.64
North America,,1996,-1.95
North America,,1997,-0.95
North America,,1998,0.99
North America,,1999,2.13
North America,,2000,3.38
North America,,2001,3.42
North America,,2002,4.85
North America,,2003,4.39
North America,,2004,5.55
North America,,2005,6.19
North America,,2006,7.16
North America,,2007,6.24
North America,,2008,5.27
North America,,2009,4.66
North America,,2010,5.22
North America,,2011,5.65
North America,,2012,6.51
North America,,2013,5.56
North America,,2014,5.07
North America,,2015,4.94
North America,,2016,4.79
North America,,2017,5.22
North America,,2018,5.25
North America,,2019,5.48
North America (excl. USA),,1990,-1.3
North America (excl. USA),,1991,0.37
North America (excl. USA),,1992,1.69
North America (excl. USA),,1993,0.2
North America (excl. USA),,1994,-1.11
North America (excl. USA),,1995,-4.19
North America (excl. USA),,1996,-4.54
North America (excl. USA),,1997,-0.95
North America (excl. USA),,1998,0.23
North America (excl. USA),,1999,-1.02
North America (excl. USA),,2000,-0.45
North America (excl. USA),,2001,-1.73
North America (excl. USA),,2002,0.35
North America (excl. USA),,2003,-4.51
North America (excl. USA),,2004,-3.62
North America (excl. USA),,2005,-0.64
North America (excl. USA),,2006,-1.9
North America (excl. USA),,2007,-2.24
North America (excl. USA),,2008,-1.73
North America (excl. USA),,2009,-0.56
North America (excl. USA),,2010,3.05
North America (excl. USA),,2011,-1.6
North America (excl. USA),,2012,4.23
North America (excl. USA),,2013,4.05
North America (excl. USA),,2014,3.44
North America (excl. USA),,2015,-0.1
North America (excl. USA),,2016,-1.54
North America (excl. USA),,2017,-0.66
North America (excl. USA),,2018,-0.43
North America (excl. USA),,2019,-1.3
Norway,NOR,2003,2.32
Norway,NOR,2004,-0.79
Norway,NOR,2005,4.37
Norway,NOR,2006,9.82
Norway,NOR,2007,16.2
Norway,NOR,2008,12.9
Norway,NOR,2009,12.64
Norway,NOR,2010,11.56
Norway,NOR,2011,14.13
Norway,NOR,2012,12.59
Norway,NOR,2013,8.7
Norway,NOR,2014,7.31
Norway,NOR,2015,7.43
Norway,NOR,2016,10.31
Norway,NOR,2017,11
Norway,NOR,2018,9.7
Norway,NOR,2019,12.25
Oceania,,1990,-12.16
Oceania,,1991,-12.51
Oceania,,1992,-13.13
Oceania,,1993,-13.96
Oceania,,1994,-12.66
Oceania,,1995,-13.4
Oceania,,1996,-13.27
Oceania,,1997,-13.23
Oceania,,1998,-11.8
Oceania,,1999,-13.67
Oceania,,2000,-17.12
Oceania,,2001,-17.54
Oceania,,2002,-13.15
Oceania,,2003,-11.24
Oceania,,2004,-10.62
Oceania,,2005,-11.65
Oceania,,2006,-9.77
Oceania,,2007,-8.31
Oceania,,2008,-10.71
Oceania,,2009,-5.92
Oceania,,2010,-6.8
Oceania,,2011,-4.59
Oceania,,2012,-0.17
Oceania,,2013,-3.24
Oceania,,2014,-2.98
Oceania,,2015,-3.92
Oceania,,2016,-8.31
Oceania,,2017,-8.4
Oceania,,2018,-10.65
Oceania,,2019,-11.78
Oman,OMN,1990,11.45
Oman,OMN,1991,15.08
Oman,OMN,1992,14.91
Oman,OMN,1993,15.6
Oman,OMN,1994,13.06
Oman,OMN,1995,11.28
Oman,OMN,1996,12.37
Oman,OMN,1997,12.96
Oman,OMN,1998,14.2
Oman,OMN,1999,-9.62
Oman,OMN,2000,-11.66
Oman,OMN,2001,-5.4
Oman,OMN,2002,-7.48
Oman,OMN,2003,-10.52
Oman,OMN,2004,-13.54
Oman,OMN,2005,-13.75
Oman,OMN,2006,-9.05
Oman,OMN,2007,-10.11
Oman,OMN,2008,-2.67
Oman,OMN,2009,5.21
Oman,OMN,2010,-13.28
Oman,OMN,2011,-19.36
Oman,OMN,2012,-7.74
Oman,OMN,2013,-5.32
Oman,OMN,2014,0.38
Oman,OMN,2015,7.56
Oman,OMN,2016,12.14
Oman,OMN,2017,4.29
Oman,OMN,2018,2.01
Oman,OMN,2019,-1.56
Pakistan,PAK,1990,6.53
Pakistan,PAK,1991,4.44
Pakistan,PAK,1992,7.49
Pakistan,PAK,1993,6.48
Pakistan,PAK,1994,5.62
Pakistan,PAK,1995,5.79
Pakistan,PAK,1996,5.48
Pakistan,PAK,1997,3.88
Pakistan,PAK,1998,0
Pakistan,PAK,1999,7.26
Pakistan,PAK,2000,7.49
Pakistan,PAK,2001,4.86
Pakistan,PAK,2002,7.26
Pakistan,PAK,2003,3.16
Pakistan,PAK,2004,4.39
Pakistan,PAK,2005,9.25
Pakistan,PAK,2006,8.08
Pakistan,PAK,2007,5.19
Pakistan,PAK,2008,6.16
Pakistan,PAK,2009,5.37
Pakistan,PAK,2010,5.36
Pakistan,PAK,2011,5.55
Pakistan,PAK,2012,7.59
Pakistan,PAK,2013,7.73
Pakistan,PAK,2014,7.26
Pakistan,PAK,2015,6.14
Pakistan,PAK,2016,3.89
Pakistan,PAK,2017,3.5
Pakistan,PAK,2018,3.23
Pakistan,PAK,2019,2.26
Panama,PAN,1990,9.32
Panama,PAN,1991,-3.53
Panama,PAN,1992,-14.86
Panama,PAN,1993,-10.61
Panama,PAN,1994,-14.71
Panama,PAN,1995,-4.67
Panama,PAN,1996,-9.04
Panama,PAN,1997,-7.74
Panama,PAN,1998,-10.51
Panama,PAN,1999,3.25
Panama,PAN,2000,-3.06
Panama,PAN,2001,-16.41
Panama,PAN,2002,2.96
Panama,PAN,2003,-96.76
Panama,PAN,2004,-85.57
Panama,PAN,2007,-88.2
Panama,PAN,2008,-26.88
Panama,PAN,2009,109.05
Panama,PAN,2010,178.07
Panama,PAN,2011,51.3
Panama,PAN,2012,182.9
Panama,PAN,2013,126.65
Panama,PAN,2014,127.71
Panama,PAN,2015,121.69
Panama,PAN,2016,119.51
Panama,PAN,2017,113.19
Panama,PAN,2018,124.62
Panama,PAN,2019,98.54
Paraguay,PRY,1990,76.31
Paraguay,PRY,1991,81.14
Paraguay,PRY,1992,68.26
Paraguay,PRY,1993,54.47
Paraguay,PRY,1994,49.69
Paraguay,PRY,1995,42.24
Paraguay,PRY,1996,42.09
Paraguay,PRY,1997,41.98
Paraguay,PRY,1998,30.76
Paraguay,PRY,1999,33.95
Paraguay,PRY,2000,48.54
Paraguay,PRY,2001,45.13
Paraguay,PRY,2002,26.05
Paraguay,PRY,2003,31.83
Paraguay,PRY,2004,38.52
Paraguay,PRY,2005,46.6
Paraguay,PRY,2006,56.87
Paraguay,PRY,2007,60.08
Paraguay,PRY,2008,89.98
Paraguay,PRY,2009,60.68
Paraguay,PRY,2010,76.81
Paraguay,PRY,2011,71.01
Paraguay,PRY,2012,76.41
Paraguay,PRY,2013,79.72
Paraguay,PRY,2014,74.26
Paraguay,PRY,2015,61.84
Paraguay,PRY,2016,45.42
Paraguay,PRY,2017,38.64
Paraguay,PRY,2018,40.15
Paraguay,PRY,2019,40.08
Peru,PER,1990,11.9
Peru,PER,1991,14.18
Peru,PER,1992,14.64
Peru,PER,1993,11.29
Peru,PER,1994,13.39
Peru,PER,1995,14.29
Peru,PER,1996,13.98
Peru,PER,1997,12.93
Peru,PER,1998,14.55
Peru,PER,1999,14.15
Peru,PER,2000,14.65
Peru,PER,2001,14.71
Peru,PER,2002,22.22
Peru,PER,2003,12.79
Peru,PER,2004,4.03
Peru,PER,2005,1.02
Peru,PER,2006,13.55
Peru,PER,2007,8.64
Peru,PER,2008,20.58
Peru,PER,2009,1.14
Peru,PER,2010,6.45
Peru,PER,2011,13.74
Peru,PER,2012,15.97
Peru,PER,2013,29.5
Peru,PER,2014,24.24
Peru,PER,2015,22.3
Peru,PER,2016,16.3
Peru,PER,2017,14.6
Peru,PER,2018,15.09
Peru,PER,2019,14.82
Philippines,PHL,1990,49.06
Philippines,PHL,1991,42.11
Philippines,PHL,1992,57.09
Philippines,PHL,1993,45.74
Philippines,PHL,1994,36.72
Philippines,PHL,1995,32.09
Philippines,PHL,1996,28.31
Philippines,PHL,1997,23.74
Philippines,PHL,1998,14.52
Philippines,PHL,1999,23.44
Philippines,PHL,2000,26.2
Philippines,PHL,2001,25.85
Philippines,PHL,2002,22.74
Philippines,PHL,2003,30.07
Philippines,PHL,2004,23.82
Philippines,PHL,2005,27.49
Philippines,PHL,2006,29.65
Philippines,PHL,2007,28.87
Philippines,PHL,2008,29.74
Philippines,PHL,2009,25.56
Philippines,PHL,2010,26.63
Philippines,PHL,2011,28.53
Philippines,PHL,2012,30.37
Philippines,PHL,2013,32
Philippines,PHL,2014,28.3
Philippines,PHL,2015,22.17
Philippines,PHL,2016,17.36
Philippines,PHL,2017,13.68
Philippines,PHL,2018,13.25
Philippines,PHL,2019,12.03
Poland,POL,1990,-14.48
Poland,POL,1991,-9.9
Poland,POL,1992,-5.24
Poland,POL,1993,-8.05
Poland,POL,1994,-10.31
Poland,POL,1995,-11.53
Poland,POL,1996,-12.98
Poland,POL,1997,-12.62
Poland,POL,1998,-13
Poland,POL,1999,-6.6
Poland,POL,2000,-7.04
Poland,POL,2001,-7.55
Poland,POL,2002,-7.74
Poland,POL,2003,-11.7
Poland,POL,2004,-11.17
Poland,POL,2005,-10.88
Poland,POL,2006,-9.29
Poland,POL,2007,-6.06
Poland,POL,2008,-3.32
Poland,POL,2009,-4.26
Poland,POL,2010,-4.13
Poland,POL,2011,-3.17
Poland,POL,2012,-3.44
Poland,POL,2013,-5.68
Poland,POL,2014,-5.56
Poland,POL,2015,-7.3
Poland,POL,2016,-10.32
Poland,POL,2017,-11.66
Poland,POL,2018,-11.04
Poland,POL,2019,-11.35
Portugal,PRT,1990,14.85
Portugal,PRT,1991,15.05
Portugal,PRT,1992,17.85
Portugal,PRT,1993,18.16
Portugal,PRT,1994,17.88
Portugal,PRT,1995,16.13
Portugal,PRT,1996,17.14
Portugal,PRT,1997,18.58
Portugal,PRT,1998,17.54
Portugal,PRT,1999,10.21
Portugal,PRT,2000,18.82
Portugal,PRT,2001,17.95
Portugal,PRT,2002,15.55
Portugal,PRT,2003,19.68
Portugal,PRT,2004,21.52
Portugal,PRT,2005,23.09
Portugal,PRT,2006,23.53
Portugal,PRT,2007,20.31
Portugal,PRT,2008,21.8
Portugal,PRT,2009,16.68
Portugal,PRT,2010,22.23
Portugal,PRT,2011,20.55
Portugal,PRT,2012,14.47
Portugal,PRT,2013,14.2
Portugal,PRT,2014,14.17
Portugal,PRT,2015,8.3
Portugal,PRT,2016,8.73
Portugal,PRT,2017,5.33
Portugal,PRT,2018,9.86
Portugal,PRT,2019,11.47
Qatar,QAT,1990,-5.9
Qatar,QAT,1991,-8.75
Qatar,QAT,1992,-13.76
Qatar,QAT,1993,-12.45
Qatar,QAT,1994,-11.55
Qatar,QAT,1995,-10.6
Qatar,QAT,1996,-10.43
Qatar,QAT,1997,-15.91
Qatar,QAT,1998,-12.52
Qatar,QAT,1999,-47.01
Qatar,QAT,2000,-52.53
Qatar,QAT,2001,-51.35
Qatar,QAT,2002,-41.59
Qatar,QAT,2003,-44.28
Qatar,QAT,2004,-47.43
Qatar,QAT,2005,-43.82
Qatar,QAT,2006,-51.04
Qatar,QAT,2007,-45.17
Qatar,QAT,2008,-38.21
Qatar,QAT,2009,-33.59
Qatar,QAT,2010,-40.83
Qatar,QAT,2011,-54.18
Qatar,QAT,2012,-51.26
Qatar,QAT,2013,-49.19
Qatar,QAT,2014,-46.44
Qatar,QAT,2015,-35.75
Qatar,QAT,2016,-26.64
Qatar,QAT,2017,-32.04
Qatar,QAT,2018,-35.51
Qatar,QAT,2019,-33.33
Romania,ROU,1990,-7.46
Romania,ROU,1991,-8.75
Romania,ROU,1992,-9.57
Romania,ROU,1993,-9.26
Romania,ROU,1994,-13.96
Romania,ROU,1995,-16.46
Romania,ROU,1996,-21.38
Romania,ROU,1997,-23.46
Romania,ROU,1998,-16.06
Romania,ROU,1999,-11.67
Romania,ROU,2000,-11.94
Romania,ROU,2001,-11.07
Romania,ROU,2002,-11.17
Romania,ROU,2003,-9.79
Romania,ROU,2004,-6.48
Romania,ROU,2005,4.15
Romania,ROU,2006,13.42
Romania,ROU,2007,6.58
Romania,ROU,2008,11.44
Romania,ROU,2009,6.24
Romania,ROU,2010,9.81
Romania,ROU,2011,5.29
Romania,ROU,2012,2.34
Romania,ROU,2013,1.69
Romania,ROU,2014,0.56
Romania,ROU,2015,-0.15
Romania,ROU,2016,0.42
Romania,ROU,2017,0.71
Romania,ROU,2018,1.79
Romania,ROU,2019,2.47
Russia,RUS,1990,-19.21
Russia,RUS,1991,-13.4
Russia,RUS,1992,-59.61
Russia,RUS,1993,-39.75
Russia,RUS,1994,-28.13
Russia,RUS,1995,-27.38
Russia,RUS,1996,-20.59
Russia,RUS,1997,-20.19
Russia,RUS,1998,-27.81
Russia,RUS,1999,-32.07
Russia,RUS,2000,-32.01
Russia,RUS,2001,-25.59
Russia,RUS,2002,-24.57
Russia,RUS,2003,-21.4
Russia,RUS,2004,-20.81
Russia,RUS,2005,-20.15
Russia,RUS,2006,-21.95
Russia,RUS,2007,-17.26
Russia,RUS,2008,-17.87
Russia,RUS,2009,-16.38
Russia,RUS,2010,-16.38
Russia,RUS,2011,-14.68
Russia,RUS,2012,-12.25
Russia,RUS,2013,-11.29
Russia,RUS,2014,-12.55
Russia,RUS,2015,-14.46
Russia,RUS,2016,-12.33
Russia,RUS,2017,-12.37
Russia,RUS,2018,-16.37
Russia,RUS,2019,-14.69
Rwanda,RWA,1990,0
Rwanda,RWA,1991,0
Rwanda,RWA,1992,0
Rwanda,RWA,1993,0
Rwanda,RWA,1994,0
Rwanda,RWA,1995,0
Rwanda,RWA,1996,0
Rwanda,RWA,1997,0
Rwanda,RWA,1998,0
Rwanda,RWA,1999,0
Rwanda,RWA,2000,0
Rwanda,RWA,2001,0
Rwanda,RWA,2002,0
Rwanda,RWA,2003,0
Rwanda,RWA,2004,0
Rwanda,RWA,2005,0
Rwanda,RWA,2006,0
Rwanda,RWA,2007,0
Rwanda,RWA,2008,0
Rwanda,RWA,2009,0
Rwanda,RWA,2010,0
Rwanda,RWA,2011,0
Rwanda,RWA,2012,0
Rwanda,RWA,2013,0
Rwanda,RWA,2014,0
Rwanda,RWA,2015,0
Rwanda,RWA,2016,0
Rwanda,RWA,2017,0
Rwanda,RWA,2018,0
Rwanda,RWA,2019,0
Saudi Arabia,SAU,1990,-7.07
Saudi Arabia,SAU,1991,-8.94
Saudi Arabia,SAU,1992,-9.09
Saudi Arabia,SAU,1993,-7.88
Saudi Arabia,SAU,1994,-7.64
Saudi Arabia,SAU,1995,-6.42
Saudi Arabia,SAU,1996,-5.98
Saudi Arabia,SAU,1997,-4.75
Saudi Arabia,SAU,1998,5.31
Saudi Arabia,SAU,1999,-17.04
Saudi Arabia,SAU,2000,-30.12
Saudi Arabia,SAU,2001,-25.75
Saudi Arabia,SAU,2002,-27.04
Saudi Arabia,SAU,2003,-6.38
Saudi Arabia,SAU,2004,-10.12
Saudi Arabia,SAU,2005,-9.43
Saudi Arabia,SAU,2006,-5.45
Saudi Arabia,SAU,2007,-3.22
Saudi Arabia,SAU,2008,-3.69
Saudi Arabia,SAU,2009,-1.51
Saudi Arabia,SAU,2010,-1.62
Saudi Arabia,SAU,2011,-1.83
Saudi Arabia,SAU,2012,-3.49
Saudi Arabia,SAU,2013,2.94
Saudi Arabia,SAU,2014,2.13
Saudi Arabia,SAU,2015,4.08
Saudi Arabia,SAU,2016,4.57
Saudi Arabia,SAU,2017,3.62
Saudi Arabia,SAU,2018,2.85
Saudi Arabia,SAU,2019,3.69
Senegal,SEN,1990,8.26
Senegal,SEN,1991,7.64
Senegal,SEN,1992,9.35
Senegal,SEN,1993,8.98
Senegal,SEN,1994,4.78
Senegal,SEN,1995,9.51
Senegal,SEN,1996,19.92
Senegal,SEN,1997,26.6
Senegal,SEN,1998,25.83
Senegal,SEN,1999,24.02
Senegal,SEN,2000,24.04
Senegal,SEN,2001,24.21
Senegal,SEN,2002,52.95
Senegal,SEN,2003,24.49
Senegal,SEN,2004,21.83
Senegal,SEN,2005,27.34
Senegal,SEN,2006,45.08
Senegal,SEN,2007,41.39
Senegal,SEN,2008,50.22
Senegal,SEN,2009,27.63
Senegal,SEN,2010,18.39
Senegal,SEN,2011,17.66
Senegal,SEN,2012,29.2
Senegal,SEN,2013,22.71
Senegal,SEN,2014,16.55
Senegal,SEN,2015,6.66
Senegal,SEN,2016,5.9
Senegal,SEN,2017,4.7
Senegal,SEN,2018,3.29
Senegal,SEN,2019,-0.6
Singapore,SGP,1990,64.09
Singapore,SGP,1991,68.28
Singapore,SGP,1992,78.18
Singapore,SGP,1993,71.42
Singapore,SGP,1994,53.45
Singapore,SGP,1995,123.7
Singapore,SGP,1996,113.09
Singapore,SGP,1997,98.9
Singapore,SGP,1998,101.7
Singapore,SGP,1999,106.29
Singapore,SGP,2000,147.73
Singapore,SGP,2001,105.61
Singapore,SGP,2002,116.02
Singapore,SGP,2003,120.6
Singapore,SGP,2004,142.57
Singapore,SGP,2005,276.59
Singapore,SGP,2006,286.35
Singapore,SGP,2007,129.42
Singapore,SGP,2008,105.9
Singapore,SGP,2009,23.79
Singapore,SGP,2010,104.38
Singapore,SGP,2011,263.65
Singapore,SGP,2012,154.36
Singapore,SGP,2013,126.11
Singapore,SGP,2014,118.2
Singapore,SGP,2015,83.92
Singapore,SGP,2016,164.46
Singapore,SGP,2017,178.44
Singapore,SGP,2018,147.17
Singapore,SGP,2019,142.69
Slovakia,SVK,1990,18.13
Slovakia,SVK,1991,7.3
Slovakia,SVK,1992,13.66
Slovakia,SVK,1993,11.15
Slovakia,SVK,1994,3.13
Slovakia,SVK,1995,6.55
Slovakia,SVK,1996,9.27
Slovakia,SVK,1997,6.36
Slovakia,SVK,1998,9.72
Slovakia,SVK,1999,4.15
Slovakia,SVK,2000,7.62
Slovakia,SVK,2001,5.81
Slovakia,SVK,2002,7.25
Slovakia,SVK,2003,3.42
Slovakia,SVK,2004,2.72
Slovakia,SVK,2005,3.94
Slovakia,SVK,2006,12.51
Slovakia,SVK,2007,18.24
Slovakia,SVK,2008,25.6
Slovakia,SVK,2009,23.86
Slovakia,SVK,2010,26.91
Slovakia,SVK,2011,30.93
Slovakia,SVK,2012,28.39
Slovakia,SVK,2013,31.44
Slovakia,SVK,2014,36.42
Slovakia,SVK,2015,35.1
Slovakia,SVK,2016,31.96
Slovakia,SVK,2017,31.26
Slovakia,SVK,2018,33.58
Slovakia,SVK,2019,36.21
Slovenia,SVN,1990,4.99
Slovenia,SVN,1991,7.94
Slovenia,SVN,1992,37.47
Slovenia,SVN,1993,25.18
Slovenia,SVN,1994,16.38
Slovenia,SVN,1995,20.21
Slovenia,SVN,1996,11.62
Slovenia,SVN,1997,11.7
Slovenia,SVN,1998,17.06
Slovenia,SVN,1999,17.33
Slovenia,SVN,2000,25.59
Slovenia,SVN,2001,13.76
Slovenia,SVN,2002,13.45
Slovenia,SVN,2003,15.29
Slovenia,SVN,2004,12.16
Slovenia,SVN,2005,13.77
Slovenia,SVN,2006,23.12
Slovenia,SVN,2007,25.38
Slovenia,SVN,2008,23.49
Slovenia,SVN,2009,22.7
Slovenia,SVN,2010,28.44
Slovenia,SVN,2011,41.99
Slovenia,SVN,2012,26.35
Slovenia,SVN,2013,27.79
Slovenia,SVN,2014,33.03
Slovenia,SVN,2015,32.87
Slovenia,SVN,2016,27.91
Slovenia,SVN,2017,27.87
Slovenia,SVN,2018,29.3
Slovenia,SVN,2019,32.41
South Africa,ZAF,1990,-30.04
South Africa,ZAF,1991,-27.01
South Africa,ZAF,1992,-26.07
South Africa,ZAF,1993,-28.11
South Africa,ZAF,1994,-26.97
South Africa,ZAF,1995,-28.07
South Africa,ZAF,1996,-30.38
South Africa,ZAF,1997,-30.69
South Africa,ZAF,1998,-31.71
South Africa,ZAF,1999,-24.55
South Africa,ZAF,2000,-26.47
South Africa,ZAF,2001,-29.79
South Africa,ZAF,2002,-30.98
South Africa,ZAF,2003,-30.75
South Africa,ZAF,2004,-28.14
South Africa,ZAF,2005,-27.44
South Africa,ZAF,2006,-26.92
South Africa,ZAF,2007,-29.21
South Africa,ZAF,2008,-33.61
South Africa,ZAF,2009,-30.3
South Africa,ZAF,2010,-29.34
South Africa,ZAF,2011,-30.05
South Africa,ZAF,2012,-27.92
South Africa,ZAF,2013,-28.38
South Africa,ZAF,2014,-29.97
South Africa,ZAF,2015,-28.67
South Africa,ZAF,2016,-30.33
South Africa,ZAF,2017,-28.98
South Africa,ZAF,2018,-28.72
South Africa,ZAF,2019,-29.25
South America,,1990,1.1
South America,,1991,2.44
South America,,1992,4.03
South America,,1993,2.68
South America,,1994,2.41
South America,,1995,3.47
South America,,1996,2.8
South America,,1997,4.98
South America,,1998,4.91
South America,,1999,-4.83
South America,,2000,-5.57
South America,,2001,-5.7
South America,,2002,-14.41
South America,,2003,-10.63
South America,,2004,-10.24
South America,,2005,-8.33
South America,,2006,-6.8
South America,,2007,-3.03
South America,,2008,0.85
South America,,2009,0.5
South America,,2010,3.02
South America,,2011,4.98
South America,,2012,6.45
South America,,2013,6.19
South America,,2014,7.12
South America,,2015,6.97
South America,,2016,6.46
South America,,2017,7.08
South America,,2018,7.55
South America,,2019,6.97
South Korea,KOR,1990,28.08
South Korea,KOR,1991,24.19
South Korea,KOR,1992,32.12
South Korea,KOR,1993,22.52
South Korea,KOR,1994,19.82
South Korea,KOR,1995,17.8
South Korea,KOR,1996,17.16
South Korea,KOR,1997,12.56
South Korea,KOR,1998,-4.5
South Korea,KOR,1999,5.88
South Korea,KOR,2000,9.87
South Korea,KOR,2001,3.85
South Korea,KOR,2002,8.93
South Korea,KOR,2003,9.57
South Korea,KOR,2004,9.03
South Korea,KOR,2005,15.05
South Korea,KOR,2006,20.08
South Korea,KOR,2007,20.06
South Korea,KOR,2008,19.14
South Korea,KOR,2009,7.45
South Korea,KOR,2010,9.19
South Korea,KOR,2011,8.11
South Korea,KOR,2012,5.9
South Korea,KOR,2013,5.6
South Korea,KOR,2014,7.11
South Korea,KOR,2015,6.31
South Korea,KOR,2016,5.61
South Korea,KOR,2017,6.07
South Korea,KOR,2018,6.37
South Korea,KOR,2019,7.62
Spain,ESP,1990,14.63
Spain,ESP,1991,12.37
Spain,ESP,1992,17.05
Spain,ESP,1993,12.89
Spain,ESP,1994,8.67
Spain,ESP,1995,7.48
Spain,ESP,1996,6.3
Spain,ESP,1997,3.44
Spain,ESP,1998,6.02
Spain,ESP,1999,4.98
Spain,ESP,2000,5.99
Spain,ESP,2001,6.68
Spain,ESP,2002,8.58
Spain,ESP,2003,7.32
Spain,ESP,2004,10.49
Spain,ESP,2005,12.72
Spain,ESP,2006,18.67
Spain,ESP,2007,18.89
Spain,ESP,2008,20.93
Spain,ESP,2009,17.7
Spain,ESP,2010,21.01
Spain,ESP,2011,18.28
Spain,ESP,2012,11.75
Spain,ESP,2013,11.61
Spain,ESP,2014,10.27
Spain,ESP,2015,5.3
Spain,ESP,2016,5.14
Spain,ESP,2017,4.01
Spain,ESP,2018,6.58
Spain,ESP,2019,8.35
Sri Lanka,LKA,1990,62.75
Sri Lanka,LKA,1991,66.53
Sri Lanka,LKA,1992,53.7
Sri Lanka,LKA,1993,58.28
Sri Lanka,LKA,1994,58.16
Sri Lanka,LKA,1995,57.82
Sri Lanka,LKA,1996,44.56
Sri Lanka,LKA,1997,36.36
Sri Lanka,LKA,1998,42.49
Sri Lanka,LKA,1999,62.57
Sri Lanka,LKA,2000,48.18
Sri Lanka,LKA,2001,50.29
Sri Lanka,LKA,2002,58.47
Sri Lanka,LKA,2003,53.12
Sri Lanka,LKA,2004,47.66
Sri Lanka,LKA,2005,60.41
Sri Lanka,LKA,2006,56.11
Sri Lanka,LKA,2007,51.94
Sri Lanka,LKA,2008,69.15
Sri Lanka,LKA,2009,53.49
Sri Lanka,LKA,2010,62.5
Sri Lanka,LKA,2011,75.18
Sri Lanka,LKA,2012,76.16
Sri Lanka,LKA,2013,82.11
Sri Lanka,LKA,2014,63.17
Sri Lanka,LKA,2015,50.67
Sri Lanka,LKA,2016,39.75
Sri Lanka,LKA,2017,39.88
Sri Lanka,LKA,2018,49.03
Sri Lanka,LKA,2019,41.75
Sweden,SWE,1990,48.1
Sweden,SWE,1991,45.63
Sweden,SWE,1992,61.89
Sweden,SWE,1993,50.31
Sweden,SWE,1994,42.8
Sweden,SWE,1995,42.57
Sweden,SWE,1996,41
Sweden,SWE,1997,44.44
Sweden,SWE,1998,44.68
Sweden,SWE,1999,44.19
Sweden,SWE,2000,50.45
Sweden,SWE,2001,40.41
Sweden,SWE,2002,42.54
Sweden,SWE,2003,50.95
Sweden,SWE,2004,55.44
Sweden,SWE,2005,60.24
Sweden,SWE,2006,65.51
Sweden,SWE,2007,72.09
Sweden,SWE,2008,71.9
Sweden,SWE,2009,57.73
Sweden,SWE,2010,62.57
Sweden,SWE,2011,68.37
Sweden,SWE,2012,67.86
Sweden,SWE,2013,65.63
Sweden,SWE,2014,66.57
Sweden,SWE,2015,62.13
Sweden,SWE,2016,61.67
Sweden,SWE,2017,65.63
Sweden,SWE,2018,68.79
Sweden,SWE,2019,65.84
Switzerland,CHE,1990,92.74
Switzerland,CHE,1991,89.07
Switzerland,CHE,1992,105.3
Switzerland,CHE,1993,98.25
Switzerland,CHE,1994,100.93
Switzerland,CHE,1995,106.27
Switzerland,CHE,1996,142.9
Switzerland,CHE,1997,121.2
Switzerland,CHE,1998,158.6
Switzerland,CHE,1999,137.54
Switzerland,CHE,2000,162.12
Switzerland,CHE,2001,129.53
Switzerland,CHE,2002,122.01
Switzerland,CHE,2003,145.61
Switzerland,CHE,2004,144.18
Switzerland,CHE,2005,144.47
Switzerland,CHE,2006,140.09
Switzerland,CHE,2007,166.85
Switzerland,CHE,2008,165.2
Switzerland,CHE,2009,153.69
Switzerland,CHE,2010,143.09
Switzerland,CHE,2011,197.35
Switzerland,CHE,2012,171.1
Switzerland,CHE,2013,196.89
Switzerland,CHE,2014,214.85
Switzerland,CHE,2015,208.15
Switzerland,CHE,2016,198.54
Switzerland,CHE,2017,211.4
Switzerland,CHE,2018,225.71
Switzerland,CHE,2019,215.85
Taiwan,TWN,1990,40.93
Taiwan,TWN,1991,30.99
Taiwan,TWN,1992,55.01
Taiwan,TWN,1993,35.97
Taiwan,TWN,1994,30.36
Taiwan,TWN,1995,28.07
Taiwan,TWN,1996,13.59
Taiwan,TWN,1997,15.26
Taiwan,TWN,1998,8.68
Taiwan,TWN,1999,8.74
Taiwan,TWN,2000,8.71
Taiwan,TWN,2001,-4.24
Taiwan,TWN,2002,-0.53
Taiwan,TWN,2003,0.26
Taiwan,TWN,2004,8.27
Taiwan,TWN,2005,3.78
Taiwan,TWN,2006,0.48
Taiwan,TWN,2007,1.57
Taiwan,TWN,2008,1.26
Taiwan,TWN,2009,-3.21
Taiwan,TWN,2010,2.5
Taiwan,TWN,2011,-1.29
Taiwan,TWN,2012,0.69
Taiwan,TWN,2013,-0.9
Taiwan,TWN,2014,-2.05
Taiwan,TWN,2015,-3.6
Taiwan,TWN,2016,-4.74
Taiwan,TWN,2017,-3.88
Taiwan,TWN,2018,-1.03
Taiwan,TWN,2019,-0.2
Tanzania,TZA,1990,62.74
Tanzania,TZA,1991,62.09
Tanzania,TZA,1992,65.47
Tanzania,TZA,1993,59.24
Tanzania,TZA,1994,75.44
Tanzania,TZA,1995,61.9
Tanzania,TZA,1996,49.44
Tanzania,TZA,1997,50.51
Tanzania,TZA,1998,68.47
Tanzania,TZA,1999,78.02
Tanzania,TZA,2000,91.55
Tanzania,TZA,2001,73.4
Tanzania,TZA,2002,65.7
Tanzania,TZA,2003,70.63
Tanzania,TZA,2004,60.17
Tanzania,TZA,2005,53.92
Tanzania,TZA,2006,61.75
Tanzania,TZA,2007,58.37
Tanzania,TZA,2008,85.09
Tanzania,TZA,2009,86.45
Tanzania,TZA,2010,70.34
Tanzania,TZA,2011,85.88
Tanzania,TZA,2012,85.56
Tanzania,TZA,2013,98.13
Tanzania,TZA,2014,96.34
Tanzania,TZA,2015,82.72
Tanzania,TZA,2016,78.18
Tanzania,TZA,2017,75.02
Tanzania,TZA,2018,76.85
Tanzania,TZA,2019,71.88
Thailand,THA,1990,37.17
Thailand,THA,1991,26.88
Thailand,THA,1992,48.3
Thailand,THA,1993,27.73
Thailand,THA,1994,19.09
Thailand,THA,1995,12.11
Thailand,THA,1996,5.78
Thailand,THA,1997,-3.44
Thailand,THA,1998,-18.14
Thailand,THA,1999,-10.72
Thailand,THA,2000,-8.43
Thailand,THA,2001,-11.5
Thailand,THA,2002,-15.88
Thailand,THA,2003,-9.23
Thailand,THA,2004,-5.61
Thailand,THA,2005,-2.04
Thailand,THA,2006,-5.29
Thailand,THA,2007,-6.04
Thailand,THA,2008,-0.7
Thailand,THA,2009,-7.15
Thailand,THA,2010,-2.24
Thailand,THA,2011,1.79
Thailand,THA,2012,2.84
Thailand,THA,2013,0.39
Thailand,THA,2014,-0.04
Thailand,THA,2015,-2.39
Thailand,THA,2016,-3.86
Thailand,THA,2017,-2.95
Thailand,THA,2018,1.17
Thailand,THA,2019,3.5
Togo,TGO,1990,30.38
Togo,TGO,1991,30.89
Togo,TGO,1992,35.74
Togo,TGO,1993,35.48
Togo,TGO,1994,45.85
Togo,TGO,1995,42.9
Togo,TGO,1996,30.81
Togo,TGO,1997,53.33
Togo,TGO,1998,44.38
Togo,TGO,1999,3.34
Togo,TGO,2000,20.53
Togo,TGO,2001,49.25
Togo,TGO,2002,44.64
Togo,TGO,2003,45.67
Togo,TGO,2004,52.04
Togo,TGO,2005,87.67
Togo,TGO,2006,129.26
Togo,TGO,2007,214.12
Togo,TGO,2008,159.85
Togo,TGO,2009,59.06
Togo,TGO,2010,80.17
Togo,TGO,2011,84.76
Togo,TGO,2012,277.7
Togo,TGO,2013,327.71
Togo,TGO,2014,350.08
Togo,TGO,2015,270.72
Togo,TGO,2016,203.05
Togo,TGO,2017,218.83
Togo,TGO,2018,218.65
Togo,TGO,2019,211.69
Trinidad and Tobago,TTO,1990,-30.84
Trinidad and Tobago,TTO,1991,-26.86
Trinidad and Tobago,TTO,1992,-26.85
Trinidad and Tobago,TTO,1993,-26.22
Trinidad and Tobago,TTO,1994,-28.14
Trinidad and Tobago,TTO,1995,-32.2
Trinidad and Tobago,TTO,1996,-31.12
Trinidad and Tobago,TTO,1997,-27.74
Trinidad and Tobago,TTO,1998,-23.43
Trinidad and Tobago,TTO,1999,-39.24
Trinidad and Tobago,TTO,2000,-47.55
Trinidad and Tobago,TTO,2001,-42.64
Trinidad and Tobago,TTO,2002,-37.24
Trinidad and Tobago,TTO,2003,-38.36
Trinidad and Tobago,TTO,2004,-42.37
Trinidad and Tobago,TTO,2005,-51.19
Trinidad and Tobago,TTO,2006,-68.11
Trinidad and Tobago,TTO,2007,-56.6
Trinidad and Tobago,TTO,2008,-54.74
Trinidad and Tobago,TTO,2009,-33.36
Trinidad and Tobago,TTO,2010,-39.46
Trinidad and Tobago,TTO,2011,-48.9
Trinidad and Tobago,TTO,2012,-46.91
Trinidad and Tobago,TTO,2013,-47.9
Trinidad and Tobago,TTO,2014,-41.41
Trinidad and Tobago,TTO,2015,-33.46
Trinidad and Tobago,TTO,2016,-25.75
Trinidad and Tobago,TTO,2017,-29.76
Trinidad and Tobago,TTO,2018,-31.18
Trinidad and Tobago,TTO,2019,-25.1
Tunisia,TUN,1990,22.76
Tunisia,TUN,1991,11.65
Tunisia,TUN,1992,43.81
Tunisia,TUN,1993,21.75
Tunisia,TUN,1994,12.93
Tunisia,TUN,1995,15.84
Tunisia,TUN,1996,12.64
Tunisia,TUN,1997,15.48
Tunisia,TUN,1998,3.58
Tunisia,TUN,1999,7.44
Tunisia,TUN,2000,14.89
Tunisia,TUN,2001,4.12
Tunisia,TUN,2002,7.51
Tunisia,TUN,2003,-1.14
Tunisia,TUN,2004,-1.84
Tunisia,TUN,2005,-5.39
Tunisia,TUN,2006,-2.72
Tunisia,TUN,2007,-8.01
Tunisia,TUN,2008,-0.94
Tunisia,TUN,2009,-3.88
Tunisia,TUN,2010,-5.75
Tunisia,TUN,2011,-3.61
Tunisia,TUN,2012,-8.88
Tunisia,TUN,2013,-2.77
Tunisia,TUN,2014,-2.74
Tunisia,TUN,2015,-3.75
Tunisia,TUN,2016,-5.21
Tunisia,TUN,2017,-5.09
Tunisia,TUN,2018,-6.78
Tunisia,TUN,2019,-5.78
Turkey,TUR,1990,40.39
Turkey,TUR,1991,33.74
Turkey,TUR,1992,50.21
Turkey,TUR,1993,33.87
Turkey,TUR,1994,24.24
Turkey,TUR,1995,22.29
Turkey,TUR,1996,5.08
Turkey,TUR,1997,5.48
Turkey,TUR,1998,6.89
Turkey,TUR,1999,10.09
Turkey,TUR,2000,15.81
Turkey,TUR,2001,-0.73
Turkey,TUR,2002,6.16
Turkey,TUR,2003,5.86
Turkey,TUR,2004,12.32
Turkey,TUR,2005,14.1
Turkey,TUR,2006,13.33
Turkey,TUR,2007,15.81
Turkey,TUR,2008,15.39
Turkey,TUR,2009,5.94
Turkey,TUR,2010,15.73
Turkey,TUR,2011,13.86
Turkey,TUR,2012,11.43
Turkey,TUR,2013,14.35
Turkey,TUR,2014,10.98
Turkey,TUR,2015,8.08
Turkey,TUR,2016,6.86
Turkey,TUR,2017,4.39
Turkey,TUR,2018,1.9
Turkey,TUR,2019,-0.16
Uganda,UGA,1990,99.36
Uganda,UGA,1991,98.27
Uganda,UGA,1992,101.04
Uganda,UGA,1993,122.72
Uganda,UGA,1994,141.95
Uganda,UGA,1995,111.74
Uganda,UGA,1996,67.35
Uganda,UGA,1997,74.52
Uganda,UGA,1998,109.25
Uganda,UGA,1999,107.74
Uganda,UGA,2000,63.84
Uganda,UGA,2001,92.69
Uganda,UGA,2002,68.48
Uganda,UGA,2003,89.85
Uganda,UGA,2004,85.87
Uganda,UGA,2005,73.5
Uganda,UGA,2006,79.23
Uganda,UGA,2007,62.33
Uganda,UGA,2008,73.39
Uganda,UGA,2009,82.78
Uganda,UGA,2010,68.84
Uganda,UGA,2011,63.51
Uganda,UGA,2012,76.94
Uganda,UGA,2013,72.07
Uganda,UGA,2014,66.8
Uganda,UGA,2015,55.53
Uganda,UGA,2016,51.14
Uganda,UGA,2017,41.67
Uganda,UGA,2018,43.67
Uganda,UGA,2019,40.54
Ukraine,UKR,1990,-28.36
Ukraine,UKR,1991,-27.35
Ukraine,UKR,1992,-24.85
Ukraine,UKR,1993,-26.43
Ukraine,UKR,1994,-34.09
Ukraine,UKR,1995,-43.12
Ukraine,UKR,1996,-20.03
Ukraine,UKR,1997,-20
Ukraine,UKR,1998,-25.9
Ukraine,UKR,1999,-20.89
Ukraine,UKR,2000,-25.86
Ukraine,UKR,2001,-16.78
Ukraine,UKR,2002,-15.6
Ukraine,UKR,2003,-25.89
Ukraine,UKR,2004,-30.54
Ukraine,UKR,2005,-21.88
Ukraine,UKR,2006,-23.12
Ukraine,UKR,2007,-18.46
Ukraine,UKR,2008,-15.34
Ukraine,UKR,2009,-15.33
Ukraine,UKR,2010,-16.73
Ukraine,UKR,2011,-15.02
Ukraine,UKR,2012,-13.83
Ukraine,UKR,2013,-12.34
Ukraine,UKR,2014,-12.99
Ukraine,UKR,2015,-12.63
Ukraine,UKR,2016,-12.09
Ukraine,UKR,2017,-8.99
Ukraine,UKR,2018,-5.14
Ukraine,UKR,2019,-3.63
United Arab Emirates,ARE,1990,8.59
United Arab Emirates,ARE,1991,8.63
United Arab Emirates,ARE,1992,10.76
United Arab Emirates,ARE,1993,6.25
United Arab Emirates,ARE,1994,7.32
United Arab Emirates,ARE,1995,10.79
United Arab Emirates,ARE,1996,9.74
United Arab Emirates,ARE,1997,10.92
United Arab Emirates,ARE,1998,15.65
United Arab Emirates,ARE,1999,4.19
United Arab Emirates,ARE,2000,-7.78
United Arab Emirates,ARE,2001,4.05
United Arab Emirates,ARE,2002,16.39
United Arab Emirates,ARE,2003,22.18
United Arab Emirates,ARE,2004,30.33
United Arab Emirates,ARE,2005,43.24
United Arab Emirates,ARE,2006,42.19
United Arab Emirates,ARE,2007,52.41
United Arab Emirates,ARE,2008,58.79
United Arab Emirates,ARE,2009,18.36
United Arab Emirates,ARE,2010,14.04
United Arab Emirates,ARE,2011,17.73
United Arab Emirates,ARE,2012,9.57
United Arab Emirates,ARE,2013,12.41
United Arab Emirates,ARE,2014,13.49
United Arab Emirates,ARE,2015,5.81
United Arab Emirates,ARE,2016,4.38
United Arab Emirates,ARE,2017,20.37
United Arab Emirates,ARE,2018,33.12
United Arab Emirates,ARE,2019,30.86
United Kingdom,GBR,1990,11.34
United Kingdom,GBR,1991,11.11
United Kingdom,GBR,1992,16.68
United Kingdom,GBR,1993,13.56
United Kingdom,GBR,1994,13.29
United Kingdom,GBR,1995,14.15
United Kingdom,GBR,1996,15.05
United Kingdom,GBR,1997,19.74
United Kingdom,GBR,1998,22.98
United Kingdom,GBR,1999,22.12
United Kingdom,GBR,2000,22.61
United Kingdom,GBR,2001,22.25
United Kingdom,GBR,2002,24.6
United Kingdom,GBR,2003,24.88
United Kingdom,GBR,2004,28.48
United Kingdom,GBR,2005,27.49
United Kingdom,GBR,2006,30.71
United Kingdom,GBR,2007,34
United Kingdom,GBR,2008,30.52
United Kingdom,GBR,2009,32.96
United Kingdom,GBR,2010,33.41
United Kingdom,GBR,2011,34.25
United Kingdom,GBR,2012,31.54
United Kingdom,GBR,2013,29.33
United Kingdom,GBR,2014,34.68
United Kingdom,GBR,2015,35.29
United Kingdom,GBR,2016,36.1
United Kingdom,GBR,2017,38.54
United Kingdom,GBR,2018,41.26
United Kingdom,GBR,2019,41.11
United States,USA,1990,-1.6
United States,USA,1991,-2.15
United States,USA,1992,-0.64
United States,USA,1993,-1.39
United States,USA,1994,-1.18
United States,USA,1995,-1.2
United States,USA,1996,-1.5
United States,USA,1997,-0.95
United States,USA,1998,1.13
United States,USA,1999,2.7
United States,USA,2000,4.08
United States,USA,2001,4.38
United States,USA,2002,5.7
United States,USA,2003,6.13
United States,USA,2004,7.3
United States,USA,2005,7.53
United States,USA,2006,8.98
United States,USA,2007,7.96
United States,USA,2008,6.75
United States,USA,2009,5.79
United States,USA,2010,5.68
United States,USA,2011,7.26
United States,USA,2012,7.04
United States,USA,2013,5.91
United States,USA,2014,5.44
United States,USA,2015,6.1
United States,USA,2016,6.26
United States,USA,2017,6.59
United States,USA,2018,6.53
United States,USA,2019,7.04
Uruguay,URY,1990,24.12
Uruguay,URY,1991,20.41
Uruguay,URY,1992,19.48
Uruguay,URY,1993,27.25
Uruguay,URY,1994,33.99
Uruguay,URY,1995,32.28
Uruguay,URY,1996,34.99
Uruguay,URY,1997,44.99
Uruguay,URY,1998,50.5
Uruguay,URY,1999,49.02
Uruguay,URY,2000,61.24
Uruguay,URY,2001,52.5
Uruguay,URY,2002,39.62
Uruguay,URY,2003,45.15
Uruguay,URY,2004,37.98
Uruguay,URY,2005,45.5
Uruguay,URY,2006,36.81
Uruguay,URY,2007,49.24
Uruguay,URY,2008,35.92
Uruguay,URY,2009,29.21
Uruguay,URY,2010,63.76
Uruguay,URY,2011,56.2
Uruguay,URY,2012,59.52
Uruguay,URY,2013,72.12
Uruguay,URY,2014,80.56
Uruguay,URY,2015,71.23
Uruguay,URY,2016,71.16
Uruguay,URY,2017,78.26
Uruguay,URY,2018,79.15
Uruguay,URY,2019,76.24
Venezuela,VEN,1990,-22.62
Venezuela,VEN,1991,-15.04
Venezuela,VEN,1992,-9.96
Venezuela,VEN,1993,-12.17
Venezuela,VEN,1994,-15.72
Venezuela,VEN,1995,-12.43
Venezuela,VEN,1996,-18.97
Venezuela,VEN,1997,-10.85
Venezuela,VEN,1998,-6.87
Venezuela,VEN,1999,-32.24
Venezuela,VEN,2000,-42.2
Venezuela,VEN,2001,-29.98
Venezuela,VEN,2002,-45.68
Venezuela,VEN,2003,-28.65
Venezuela,VEN,2004,-26.96
Venezuela,VEN,2005,-28.19
Venezuela,VEN,2006,-32.04
Venezuela,VEN,2007,-22.96
Venezuela,VEN,2008,-21.64
Venezuela,VEN,2009,-2.11
Venezuela,VEN,2010,-13.04
Venezuela,VEN,2011,-11.71
Venezuela,VEN,2012,-4.78
Venezuela,VEN,2013,-7.56
Venezuela,VEN,2014,-0.13
Venezuela,VEN,2015,7.61
Venezuela,VEN,2016,7.45
Venezuela,VEN,2017,8.77
Venezuela,VEN,2018,18.19
Venezuela,VEN,2019,21.55
Vietnam,VNM,1990,8.93
Vietnam,VNM,1991,8.11
Vietnam,VNM,1992,7.9
Vietnam,VNM,1993,9.77
Vietnam,VNM,1994,8.58
Vietnam,VNM,1995,8.28
Vietnam,VNM,1996,9.48
Vietnam,VNM,1997,1.82
Vietnam,VNM,1998,0.48
Vietnam,VNM,1999,-7.64
Vietnam,VNM,2000,-7.81
Vietnam,VNM,2001,-8.78
Vietnam,VNM,2002,-7.41
Vietnam,VNM,2003,11.08
Vietnam,VNM,2004,7.61
Vietnam,VNM,2005,7.18
Vietnam,VNM,2006,11.27
Vietnam,VNM,2007,17.07
Vietnam,VNM,2008,17.93
Vietnam,VNM,2009,16.23
Vietnam,VNM,2010,13.38
Vietnam,VNM,2011,10.36
Vietnam,VNM,2012,14.13
Vietnam,VNM,2013,26.4
Vietnam,VNM,2014,16.99
Vietnam,VNM,2015,6.55
Vietnam,VNM,2016,3.09
Vietnam,VNM,2017,1.52
Vietnam,VNM,2018,-4.1
Vietnam,VNM,2019,-10.39
World,OWID_WRL,1959,0
World,OWID_WRL,1960,0
World,OWID_WRL,1961,0
World,OWID_WRL,1962,0
World,OWID_WRL,1963,0
World,OWID_WRL,1964,0
World,OWID_WRL,1965,0
World,OWID_WRL,1966,0
World,OWID_WRL,1967,0
World,OWID_WRL,1968,0
World,OWID_WRL,1969,0
World,OWID_WRL,1970,0
World,OWID_WRL,1971,0
World,OWID_WRL,1972,0
World,OWID_WRL,1973,0
World,OWID_WRL,1974,0
World,OWID_WRL,1975,0
World,OWID_WRL,1976,0
World,OWID_WRL,1977,0
World,OWID_WRL,1978,0
World,OWID_WRL,1979,0
World,OWID_WRL,1980,0
World,OWID_WRL,1981,0
World,OWID_WRL,1982,0
World,OWID_WRL,1983,0
World,OWID_WRL,1984,0
World,OWID_WRL,1985,0
World,OWID_WRL,1986,0
World,OWID_WRL,1987,0
World,OWID_WRL,1988,0
World,OWID_WRL,1989,0
World,OWID_WRL,1990,0
World,OWID_WRL,1991,0
World,OWID_WRL,1992,0
World,OWID_WRL,1993,0
World,OWID_WRL,1994,0
World,OWID_WRL,1995,0
World,OWID_WRL,1996,0
World,OWID_WRL,1997,0
World,OWID_WRL,1998,0
World,OWID_WRL,1999,0
World,OWID_WRL,2000,0
World,OWID_WRL,2001,0
World,OWID_WRL,2002,0
World,OWID_WRL,2003,0
World,OWID_WRL,2004,0
World,OWID_WRL,2005,0
World,OWID_WRL,2006,0
World,OWID_WRL,2007,0
World,OWID_WRL,2008,0
World,OWID_WRL,2009,0
World,OWID_WRL,2010,0
World,OWID_WRL,2011,0
World,OWID_WRL,2012,0
World,OWID_WRL,2013,0
World,OWID_WRL,2014,0
World,OWID_WRL,2015,0
World,OWID_WRL,2016,0
World,OWID_WRL,2017,0
World,OWID_WRL,2018,0
World,OWID_WRL,2019,0
World,OWID_WRL,2020,0
Zambia,ZMB,1990,12.16
Zambia,ZMB,1991,22.94
Zambia,ZMB,1992,24.12
Zambia,ZMB,1993,30.5
Zambia,ZMB,1994,36.27
Zambia,ZMB,1995,51.08
Zambia,ZMB,1996,74.39
Zambia,ZMB,1997,75.89
Zambia,ZMB,1998,71.6
Zambia,ZMB,1999,79.66
Zambia,ZMB,2000,116.69
Zambia,ZMB,2001,107.08
Zambia,ZMB,2002,102.56
Zambia,ZMB,2003,89.39
Zambia,ZMB,2004,76.36
Zambia,ZMB,2005,73.44
Zambia,ZMB,2006,109.88
Zambia,ZMB,2007,125.05
Zambia,ZMB,2008,171.9
Zambia,ZMB,2009,105.76
Zambia,ZMB,2010,85.24
Zambia,ZMB,2011,119.59
Zambia,ZMB,2012,65.91
Zambia,ZMB,2013,92.27
Zambia,ZMB,2014,84.34
Zambia,ZMB,2015,72.3
Zambia,ZMB,2016,63.87
Zambia,ZMB,2017,48.69
Zambia,ZMB,2018,38.23
Zambia,ZMB,2019,42.15
Zimbabwe,ZWE,1990,14.25
Zimbabwe,ZWE,1991,11.98
Zimbabwe,ZWE,1992,5.83
Zimbabwe,ZWE,1993,5.68
Zimbabwe,ZWE,1994,1.1
Zimbabwe,ZWE,1995,7.56
Zimbabwe,ZWE,1996,10.64
Zimbabwe,ZWE,1997,9.47
Zimbabwe,ZWE,1998,-2.46
Zimbabwe,ZWE,1999,-10.86
Zimbabwe,ZWE,2000,-15.98
Zimbabwe,ZWE,2001,-12.57
Zimbabwe,ZWE,2002,2.7
Zimbabwe,ZWE,2003,-4.71
Zimbabwe,ZWE,2004,1.86
Zimbabwe,ZWE,2005,-5.17
Zimbabwe,ZWE,2006,0.97
Zimbabwe,ZWE,2007,10.14
Zimbabwe,ZWE,2008,20.4
Zimbabwe,ZWE,2009,47.39
Zimbabwe,ZWE,2010,19
Zimbabwe,ZWE,2011,10.74
Zimbabwe,ZWE,2012,36.73
Zimbabwe,ZWE,2013,8.18
Zimbabwe,ZWE,2014,10.59
Zimbabwe,ZWE,2015,9.2
Zimbabwe,ZWE,2016,13.18
Zimbabwe,ZWE,2017,17.39
Zimbabwe,ZWE,2018,11.04
Zimbabwe,ZWE,2019,13.45